Workbook
Name ALL2ALL_CORE2CORE_TIME_MS: LAMBDA(global_data_traffic_in_mib, global_data_traffic_in_mib * 1024^2 /(2 * HW_SPEC("Core-to-Core ICI Bandwidth (uni, GB/s)") *1024^3)*1000)
Name ALL2ALL_CHIP2CHIP_TIME_MS: LAMBDA(data_size_in_mib, bisection_links, data_size_in_mib * 1024^2 /4 / (bisection_links * HW_SPEC("Chip-to-Chip ICI Bandwidth (uni, GB/s)") *1000^3) *1000)
Name EXTRACT_ACTIVATION_DTYPE: LAMBDA(wxay, LET(bits, REGEXEXTRACT(wXaY, "a(\d+)"), SWITCH(bits, "4", "fp4", "8", "fp8", "16", "bf16", bits)))
Name REDUCE_SCATTER_CHIP2CHIP_TIME_MS: LAMBDA(global_data_traffic_size_in_mib, global_data_traffic_size_in_mib * 1024^2 / PARAMS("num_links_in_topo") / (2 * HW_SPEC("Chip-to-Chip ICI Bandwidth (uni, GB/s)") * 1024^3) * 1000)
Name REDUCE_SCATTER_CORE2CORE_TIME_MS: LAMBDA(global_data_traffic_in_mib, IF(global_data_traffic_in_mib=0, 0, global_data_traffic_in_mib * 1024^2 /(2 * HW_SPEC("Core-to-Core ICI Bandwidth (uni, GB/s)") *1024^3)*1000 ))
Name ALL_REDUCE_CORE2CORE_TIME_MS: LAMBDA(data_size_in_mib, 2 * data_size_in_mib * 1024^2 / ( 2 * HW_SPEC("Core-to-Core ICI Bandwidth (uni, GB/s)") *1024^3)*1000)
Name EXTRACT_WEIGHT_DTYPE: LAMBDA(wxay, LET(bits, REGEXEXTRACT(wXaY, "w(\d+)"), SWITCH(bits, "4", "fp4", "8", "fp8", "16", "bf16", bits)))
Name ALL2ALL_CHIP2CHIP_TIME_MS2: LAMBDA(data_size_in_mib, num_links, data_size_in_mib * 1024^2 /num_links / (2* HW_SPEC("Chip-to-Chip ICI Bandwidth (uni, GB/s)") *1024^3) *1000)
Name ALL_GATHER_CHIP2CHIP_TIME_MS: LAMBDA(global_data_traffic_size_in_mib, global_data_traffic_size_in_mib / PARAMS("num_links_in_topo") * 1024^2 /(2* HW_SPEC("Chip-to-Chip ICI Bandwidth (uni, GB/s)") *1024^3)*1000)
Name PAD_128: LAMBDA(val, CEILING(val, 128))
Name HBM_TIME_MS: LAMBDA(tensor_size_in_mib, tensor_size_in_mib * 1024^2 / ( VLOOKUP("Per-Core HBM-BW (GB/s)", INDIRECT("$F$16:$H$29"), 3, False) * 1024^3) * 1000)
Name PARAMS: LAMBDA(param_name, IF(ISNUMBER(param_name), param_name, vlookup(param_name,INDIRECT("$B$2:$C$43") ,2,FALSE) ))
Name ALL_GATHER_CORE2CORE_TIME_MS: LAMBDA(global_data_traffic_in_mib, global_data_traffic_in_mib * 1024^2 /(2 * HW_SPEC("Core-to-Core ICI Bandwidth (uni, GB/s)") *1024^3)*1000)
Name HW_SPEC: LAMBDA(spec_name, VLOOKUP(spec_name,INDIRECT("$F$16:$H$31"),3, False))
Name SHARDING: LAMBDA(param_name, IF(ISBLANK(param_name),1, vlookup(param_name, INDIRECT("$F$2:$G$10"),2,FALSE) ))
Name SIZEOF_IN_MIB: LAMBDA(param_name, dtype, PRODUCT( param_name) * vlookup(dtype,INDIRECT("$Q$2:$R$49") ,2,FALSE) / 1024^2)
Name COMPUTE_TIME_MS: LAMBDA(flops, mxu_dtype, flops / (VLOOKUP("Per-Core TFLOPS (" & mxu_dtype & ")",INDIRECT("$F$17:$H$43"),3,FALSE) * 1000000000000) * 1000)

Sheet Model info & Targets
A1: https://huggingface.co/mistralai/Mistral-Large-3-675B-Instruct-2512/blob/main/params.json
B7: GB200 Target (2k/.5k)
B8: Concurrency | C8: Request Throughput (req/min) | D8: Output tok/s | E8: Total tok/s | F8: Output tok/s/chip | G8: Total tok/s/chip | H8: Mean TPOT (ms) | I8: Mean ITL (ms | J8: Gen Time (s) (500 tokens)
B9: 1 | C9: 17 | D9: 131.1 | E9: 703 | F9: 16.4 | G9: 87.9 | H9: 7.45 | I9: 7.45 | J9: =H9*500/1000 -> 3.725
B10: 2 | C10: 28 | D10: 231.2 | E10: 1249 | F10: 28.9 | G10: 156.1 | H10: 8.38 | I10: 8.38 | J10: =H10*500/1000 -> 4.19
B11: 4 | C11: 50 | D11: 426.1 | E11: 2261.6 | F11: 53.3 | G11: 282.7 | H11: 9.04 | I11: 9.04 | J11: =H11*500/1000 -> 4.52
B12: 8 | C12: 72 | D12: 596.3 | E12: 3140.4 | F12: 74.5 | G12: 392.5 | H12: 12.51 | I12: 12.51 | J12: =H12*500/1000 -> 6.255
B13: 16 | C13: 125 | D13: 1052.3 | E13: 5509.1 | F13: 131.5 | G13: 688.6 | H13: 14.23 | I13: 14.23 | J13: =H13*500/1000 -> 7.115
B14: 32 | C14: 185 | D14: 1553.7 | E14: 8150.3 | F14: 194.2 | G14: 1018.8 | H14: 19.36 | I14: 19.36 | J14: =H14*500/1000 -> 9.68
B15: 64 | C15: 270 | D15: 2233.6 | E15: 11706.1 | F15: 279.2 | G15: 1463.3 | H15: 27.31 | I15: 27.31 | J15: =H15*500/1000 -> 13.655
B16: 128 | C16: 375 | D16: 3141.3 | E16: 16442.6 | F16: 392.7 | G16: 2055.3 | H16: 38.94 | I16: 38.94 | J16: =H16*500/1000 -> 19.47
B20: GB200 Target (20k/.5k)
B21: Concurrency | C21: Request Throughput (req/min) | D21: Output tok/s | E21: Total tok/s | F21: Output tok/s/chip | G21: Total tok/s/chip | H21: Mean TPOT (ms) | I21: Mean ITL (ms | J21: Gen Time (s) (500 tokens)
B22: 1 | C22: 11 | D22: 106 | E22: 4730 | F22: 13.2 | G22: 591.2 | H22: 8.18 | I22: 8.18 | J22: =H22*500/1000 -> 4.09
B23: 2 | C23: 18 | D23: 148.1 | E23: 6664.7 | F23: 18.5 | G23: 833.1 | H23: 10.67 | I23: 10.67 | J23: =H23*500/1000 -> 5.335
B24: 4 | C24: 32 | D24: 265.7 | E24: 11702.1 | F24: 33.2 | G24: 1462.8 | H24: 12.42 | I24: 12.42 | J24: =H24*500/1000 -> 6.21
B25: 8 | C25: 42 | D25: 349.4 | E25: 15248.6 | F25: 43.7 | G25: 1906.1 | H25: 19.86 | I25: 19.86 | J25: =H25*500/1000 -> 9.93
B26: 16 | C26: 52 | D26: 431.6 | E26: 18700 | F26: 54 | G26: 2337.5 | H26: 33.45 | I26: 33.45 | J26: =H26*500/1000 -> 16.725
B27: 32 | C27: 59 | D27: 496.9 | E27: 21584.6 | F27: 62.1 | G27: 2698.1 | H27: 59.89 | I27: 59.89 | J27: =H27*500/1000 -> 29.945
B28: 64 | C28: 61 | D28: 511.6 | E28: 22195.4 | F28: 63.9 | G28: 2774.4 | H28: 95.1 | I28: 95.1 | J28: =H28*500/1000 -> 47.55
B29: 128 | C29: 61 | D29: 520.1 | E29: 22530.1 | F29: 65 | G29: 2816.3 | H29: 95.59 | I29: 95.59 | J29: =H29*500/1000 -> 47.795
C45: Concurrency | D45: Request Throughput (req/min) | E45: P50 Speed (tok/s) | F45: Tokens/s/chip | G45: Inter-Token Latency (ms) | H45: Gen Time (500 tokens)
C46: 1 | D46: 17 | E46: 135 | F46: =D46*500/60/8 -> 17.708333 | G46: =1/E46*1000 -> 7.4074074 | H46: =500/E46 -> 3.7037037
C47: 2 | D47: 28 | E47: 120 | F47: =D47*500/60/8 -> 29.166667 | G47: =1/E47*1000 -> 8.3333333 | H47: =500/E47 -> 4.1666667
C48: 4 | D48: 50 | E48: 108 | F48: =D48*500/60/8 -> 52.083333 | G48: =1/E48*1000 -> 9.2592593 | H48: =500/E48 -> 4.6296296
C49: 8 | D49: 72 | E49: 96 | F49: =D49*500/60/8 -> 75 | G49: =1/E49*1000 -> 10.416667 | H49: =500/E49 -> 5.2083333
C50: 16 | D50: 125 | E50: 78 | F50: =D50*500/60/8 -> 130.20833 | G50: =1/E50*1000 -> 12.820513 | H50: =500/E50 -> 6.4102564
C51: 32 | D51: 185 | E51: 58 | F51: =D51*500/60/8 -> 192.70833 | G51: =1/E51*1000 -> 17.241379 | H51: =500/E51 -> 8.6206897
C52: 64 | D52: 270 | E52: 44 | F52: =D52*500/60/8 -> 281.25 | G52: =1/E52*1000 -> 22.727273 | H52: =500/E52 -> 11.363636
C53: 128 | D53: 375 | E53: 35 | F53: =D53*500/60/8 -> 390.625 | G53: =1/E53*1000 -> 28.571429 | H53: =500/E53 -> 14.285714
C63: GB200 Target (20k/.5k)
C64: Concurrency | D64: Throughput (req/min) | E64: P50 Speed (tok/s) | F64: Tokens/s/chip | G64: ITL (ms) | H64: Gen Time (500 tokens)
C65: 1 | D65: 11 | E65: 123 | F65: =D65*500/60/8 -> 11.458333 | G65: =1/E65*1000 -> 8.1300813 | H65: =500/E65 -> 4.0650407
C66: 2 | D66: 18 | E66: 108 | F66: =D66*500/60/8 -> 18.75 | G66: =1/E66*1000 -> 9.2592593 | H66: =500/E66 -> 4.6296296
C67: 4 | D67: 32 | E67: 98 | F67: =D67*500/60/8 -> 33.333333 | G67: =1/E67*1000 -> 10.204082 | H67: =500/E67 -> 5.1020408
C68: 8 | D68: 42 | E68: 78 | F68: =D68*500/60/8 -> 43.75 | G68: =1/E68*1000 -> 12.820513 | H68: =500/E68 -> 6.4102564
C69: 16 | D69: 52 | E69: 57 | F69: =D69*500/60/8 -> 54.166667 | G69: =1/E69*1000 -> 17.54386 | H69: =500/E69 -> 8.7719298
C70: 32 | D70: 59 | E70: 36 | F70: =D70*500/60/8 -> 61.458333 | G70: =1/E70*1000 -> 27.777778 | H70: =500/E70 -> 13.888889
C71: 64 | D71: 61 | E71: 24 | F71: =D71*500/60/8 -> 63.541667 | G71: =1/E71*1000 -> 41.666667 | H71: =500/E71 -> 20.833333
C72: 128 | D72: 61 | E72: 24 | F72: =D72*500/60/8 -> 63.541667 | G72: =1/E72*1000 -> 41.666667 | H72: =500/E72 -> 20.833333

Sheet Roofline Analysis
A1: Decode
A2: Layers | B2: Component | C2: Theoretical Roofline (ms) | D2: B200 | E2: Baseline (ms) (as of 5/20) | F2: Roofline (% of E2E) | G2: Baseline (% of E2E) | H2: % Theoretical Roofline | I2: % B200 | J2: Debug & Optimization Opportunities
A3: MLA | B3: Q Down Proj + KV Down Proj | C3: ='Decode Last Token'!G57+'Decode Last Token'!G60 -> 0.0019966231 | E3: 0.009205 | F3: =C3/$C$19 -> 0.009294412 | G3: =E3/$E$19 -> 0.014696749 | H3: =C3/E3 -> 0.21690637 | J3: • Quantization • Why are weights in bf16? • Fuse layernorm
B4: Q Up Proj | C4: ='Decode Last Token'!G58 -> 0.0049877167 | E4: 0.0174 | F4: =C4/$C$19 -> 0.023218149 | G4: =E4/$E$19 -> 0.027780927 | H4: =C4/E4 -> 0.28665038 | J4: • Fuse act quant into the fusion
B5: Q Proj to K (K weight absoption) | C5: ='Decode Last Token'!G59 -> 0.0013902452 | E5: 0.006788 | F5: =C5/$C$19 -> 0.0064716829 | G5: =E5/$E$19 -> 0.010837755 | H5: =C5/E5 -> 0.20480926 | J5: • Remove reshape
B6: QK (nope) + QK (rope) + AV | C6: ='Decode Last Token'!G62 -> 0.006084537 | E6: 0.030721 | F6: =C6/$C$19 -> 0.02832392 | G6: =E6/$E$19 -> 0.049049302 | H6: =C6/E6 -> 0.19805791 | J6: • Quantize Q pending quality verification • Try batched RPA • Kernel Tuning • Remove transpose/pad
B7: V Up Proj (Weight Absorption) | C7: ='Decode Last Token'!G67 -> 0.00128852 | E7: 0.004864 | F7: =C7/$C$19 -> 0.0059981451 | G7: =E7/$E$19 -> 0.0077658866 | H7: =C7/E7 -> 0.26490953 | J7: • Matmul is meoery bound. Can we use FP4?
B8: O Proj | C8: ='Decode Last Token'!G69 -> 0.015254551 | E8: 0.042717 | F8: =C8/$C$19 -> 0.071010935 | G8: =E8/$E$19 -> 0.068202175 | H8: =C8/E8 -> 0.35710725
A9: MoE (Routed) | B9: Token Routing | E9: 0.025734 | F9: =C9/$C$19 -> 0 | G9: =E9/$E$19 -> 0.041087033 | H9: =C9/E9 -> 0
B10: Token Permute | E10: 0.015646 | F10: =C10/$C$19 -> 0 | G10: =E10/$E$19 -> 0.024980481 | H10: =C10/E10 -> 0
B11: Dispatch | C11: ='Decode Last Token'!G70 -> 0 | E11: 0.027993 | F11: =C11/$C$19 -> 0 | G11: =E11/$E$19 -> 0.044693763 | H11: =C11/E11 -> 0 | J11: • FP8 AG
B12: Gating x 2 + Act | C12: ='Decode Last Token'!G71 -> 0.12207031 | E12: 0.18 | F12: =C12/$C$19 -> 0.56824533 | G12: =E12/$E$19 -> 0.2873889 | H12: =C12/E12 -> 0.6781684 | J12: • Look into percale traces
B13: Linear | C13: ='Decode Last Token'!G72 -> 0.061747233 | E13: 0.114 | F13: =C13/$C$19 -> 0.28743743 | G13: =E13/$E$19 -> 0.18201297 | H13: =C13/E13 -> 0.5416424 | J13: • down proj gmm contract dim is small, so each shard only has 256 along contract dim. This limits gmm efficieny • 2D EP + TP
B14: Reverse Sort & Unpermte | E14: 0.021753 | F14: =C14/$C$19 -> 0 | G14: =E14/$E$19 -> 0.034730948 | H14: =C14/E14 -> 0
B15: Reduce | E15: 0.008475 | F15: =C15/$C$19 -> 0 | G15: =E15/$E$19 -> 0.013531227 | H15: =C15/E15 -> 0
B16: Collect | C16: ='Decode Last Token'!G73 -> 0 | E16: 0.055802 | F16: =C16/$C$19 -> 0 | G16: =E16/$E$19 -> 0.089093751 | H16: =C16/E16 -> 0 | J16: • AR is too slow • Use hirachial RS • quantization? be careful about the quality
A17: MoE (Shared) | B17: Input | C17: ='Decode Last Token'!H557 -> 0.0076442295 | E17: 0.025424 | F17: =C17/$C$19 -> 0.035584391 | G17: =E17/$E$19 -> 0.040592085 | H17: =C17/E17 -> 0.30066982
B18: Output | C18: ='Decode Last Token'!H595 -> 0.00383589 | E18: 0.013727 | F18: =C18/$C$19 -> 0.01785632 | G18: =E18/$E$19 -> 0.021916597 | H18: =C18/E18 -> 0.27944125
A19: Total | C19: ='Decode Last Token'!G76 -> 0.21481974 | E19: 0.626329 | H19: =C19/E19 -> 0.34298226
A20: Mean ITL (ms) | C20: ='Config and Summary'!B50*1000/500 -> 13.380494 | D20: ='Model info & Targets'!I16 -> 38.94 | E20: ='moved to gomistral-ironwood-wor'!J3 -> 68.72 | H20: =C20/E20 -> 0.19471033 | I20: =D20/E20 -> 0.56664726
A21: Throughput (tok/s/chip) | C21: ='Config and Summary'!B59 -> 1026.8062 | D21: ='Model info & Targets'!F16 -> 392.7 | E21: ='moved to gomistral-ironwood-wor'!I3 -> 197.1925 | H21: =E21/C21 -> 0.19204452 | I21: =E21/D21 -> 0.5021454
A25: Prefill
A26: Layers | B26: Component | C26: Theoretical Roofline (ms) | D26: B200 | E26: Baseline (ms) (as of 5/20) | F26: Roofline (% of E2E) | G26: Baseline (% of E2E) | H26: % Theoretical Roofline | I26: % B200 | J26: Optimization Opportunities
A27: MLA | B27: Q Down Proj + KV Down Proj | C27: =Prefill!G57+Prefill!G60 -> 0.016535624 | E27: 0.086017 | F27: =C27/$C$43 -> 0.012531172 | G27: =E27/$E$43 -> 0.0040758624 | H27: =C27/E27 -> 0.1922367 | J27: • Quantization • Why are weights in bf16? • Fuse layernorm
B28: Q Up Proj | C28: =Prefill!G58 -> 0.041231686 | E28: 0.188 | F28: =C28/$C$43 -> 0.03124656 | G28: =E28/$E$43 -> 0.0089082638 | H28: =C28/E28 -> 0.21931748 | J28: • Fuse act quant into the fusion • Eliminate the sparse core formatting
B29: Q Proj to K (K weight absoption) | C29: =Prefill!G59 -> 0.040147569 | E29: 0.172 | F29: =C29/$C$43 -> 0.030424985 | G29: =E29/$E$43 -> 0.0081501137 | H29: =C29/E29 -> 0.2334161 | J29: • Remove reshape • Remove copies
B30: QK (nope) + QK (rope) + AV | C30: =Prefill!G62 -> 0.62305659 | E30: 3.451 | F30: =C30/$C$43 -> 0.47217024 | G30: =E30/$E$43 -> 0.1635235 | H30: =C30/E30 -> 0.18054378 | J30: • Quantize Q pending quality verification • Try batched RPA • Kernel Tuning • Remove transpose/pad
B31: V Up Proj (Weight Absorption) | C31: =Prefill!G67 -> 0.027126736 | E31: 0.089252 | F31: =C31/$C$43 -> 0.020557422 | G31: =E31/$E$43 -> 0.0042291509 | H31: =C31/E31 -> 0.30393421 | J31: • Matmul is meoery bound. Can we use FP4?
B32: O Proj | C32: =Prefill!G69 -> 0.12827636 | E32: 0.404436 | F32: =C32/$C$43 -> 0.097211519 | G32: =E32/$E$43 -> 0.01916395 | H32: =C32/E32 -> 0.31717344 | J32: • Fuse act quant into the fusion
A33: MoE (Routed) | B33: Token Routing | E33: 0.302 | F33: =C33/$C$43 -> 0 | G33: =E33/$E$43 -> 0.014310083 | H33: =C33/E33 -> 0
B34: Token Permute | E34: 2.132 | F34: =C34/$C$43 -> 0 | G34: =E34/$E$43 -> 0.1010235 | H34: =C34/E34 -> 0 | J34: • Overlap with shared expert | M34: =1.1+0.807 -> 1.907 | N34: =E36+E37 -> 2.75
B35: Dispatch | C35: =Prefill!G70 -> 0 | E35: 1.955 | F35: =C35/$C$43 -> 0 | G35: =E35/$E$43 -> 0.092636467 | H35: =C35/E35 -> 0 | J35: • FP8 AG | N35: =(N34-M34)/N34 -> 0.30654545
B36: Gating x 2 + Act | C36: =Prefill!G71 -> 0.25655271 | E36: 1.5 | F36: =C36/$C$43 -> 0.19442304 | G36: =E36/$E$43 -> 0.071076573 | H36: =C36/E36 -> 0.17103514 | J36: • Look into percale traces
B37: Linear | C37: =Prefill!G72 -> 0.18663194 | E37: 1.25 | F37: =C37/$C$43 -> 0.14143507 | G37: =E37/$E$43 -> 0.059230478 | H37: =C37/E37 -> 0.14930556 | J37: • down proj gmm contract dim is small, so each shard only has 256 along contract dim. This limits gmm efficieny • 2D EP + TP
B38: Reverse Sort & Unpermte | E38: 5.066 | F38: =C38/$C$43 -> 0 | G38: =E38/$E$43 -> 0.24004928 | H38: =C38/E38 -> 0 | J38: • Look into existing SC kernel usage on TP
B39: Reduce | E39: 1.809 | F39: =C39/$C$43 -> 0 | G39: =E39/$E$43 -> 0.085718347 | H39: =C39/E39 -> 0
B40: Collect | C40: =Prefill!G73 -> 0 | E40: 2.383 | F40: =C40/$C$43 -> 0 | G40: =E40/$E$43 -> 0.11291698 | H40: =C40/E40 -> 0 | J40: • AR is too slow • Use hirachial RS • quantization? be careful about the quality
A41: MoE (Shared) | B41: Input | C41: =Prefill!H557 -> 0.013834635 | E41: 0.186 | F41: =C41/$C$43 -> 0.010484285 | G41: =E41/$E$43 -> 0.0088134951 | H41: =C41/E41 -> 0.07437976
B42: Output | C42: =Prefill!H593 -> 0.032069089 | E42: 0.09788 | F42: =C42/$C$43 -> 0.02430288 | G42: =E42/$E$43 -> 0.0046379833 | H42: =C42/E42 -> 0.32763679 | J42: • Fuse the abs_max and clamp • remove concatenate
A43: Total | C43: =SUM(C27:C40) -> 1.3195592 | E43: 21.104 | F43: =C43/$C$43 -> 1 | H43: =C43/E43 -> 0.062526498

Sheet 6_14_checkpoint
A1: Decode
A2: Layers | B2: Component | C2: Theoretical Roofline (ms) | D2: B200 | E2: Baseline (ms) (as of 5/20) | F2: Roofline (% of E2E) | G2: Baseline (% of E2E) | H2: % Theoretical Roofline | I2: % B200 | J2: Debug & Optimization Opportunities
A3: MLA | B3: Q Down Proj + KV Down Proj | C3: ='Decode Last Token'!G57+'Decode Last Token'!G60 -> 0.0019966231 | F3: =C3/$C$19 -> 0.009294412 | G3: =E3/$E$19 -> 0 | H3: =C3/E3 -> #DIV/0! | J3: • Quantization • Why are weights in bf16? • Fuse layernorm
B4: Q Up Proj | C4: ='Decode Last Token'!G58 -> 0.0049877167 | F4: =C4/$C$19 -> 0.023218149 | G4: =E4/$E$19 -> 0 | H4: =C4/E4 -> #DIV/0! | J4: • Fuse act quant into the fusion
B5: Q Proj to K (K weight absoption) | C5: ='Decode Last Token'!G59 -> 0.0013902452 | F5: =C5/$C$19 -> 0.0064716829 | G5: =E5/$E$19 -> 0 | H5: =C5/E5 -> #DIV/0! | J5: • Remove reshape
B6: QK (nope) + QK (rope) + AV | C6: ='Decode Last Token'!G62 -> 0.006084537 | E6: 0.0378 | F6: =C6/$C$19 -> 0.02832392 | G6: =E6/$E$19 -> 0.062582781 | H6: =C6/E6 -> 0.16096659 | J6: • Quantize Q pending quality verification • Try batched RPA • Kernel Tuning • Remove transpose/pad
B7: V Up Proj (Weight Absorption) | C7: ='Decode Last Token'!G67 -> 0.00128852 | F7: =C7/$C$19 -> 0.0059981451 | G7: =E7/$E$19 -> 0 | H7: =C7/E7 -> #DIV/0! | J7: • Matmul is meoery bound. Can we use FP4?
B8: O Proj | C8: ='Decode Last Token'!G69 -> 0.015254551 | F8: =C8/$C$19 -> 0.071010935 | G8: =E8/$E$19 -> 0 | H8: =C8/E8 -> #DIV/0!
A9: MoE (Routed) | B9: Token Routing | E9: 0.04 | F9: =C9/$C$19 -> 0 | G9: =E9/$E$19 -> 0.066225166 | H9: =C9/E9 -> 0
B10: Token Permute | F10: =C10/$C$19 -> 0 | G10: =E10/$E$19 -> 0 | H10: =C10/E10 -> #DIV/0!
B11: Dispatch | C11: ='Decode Last Token'!G70 -> 0 | F11: =C11/$C$19 -> 0 | G11: =E11/$E$19 -> 0 | H11: =C11/E11 -> #DIV/0! | J11: • FP8 AG
B12: Gating x 2 + Act | C12: ='Decode Last Token'!G71 -> 0.12207031 | E12: 0.179 | F12: =C12/$C$19 -> 0.56824533 | G12: =E12/$E$19 -> 0.29635762 | H12: =C12/E12 -> 0.68195705 | J12: • Look into percale traces
B13: Linear | C13: ='Decode Last Token'!G72 -> 0.061747233 | E13: 0.116 | F13: =C13/$C$19 -> 0.28743743 | G13: =E13/$E$19 -> 0.19205298 | H13: =C13/E13 -> 0.53230373 | J13: • down proj gmm contract dim is small, so each shard only has 256 along contract dim. This limits gmm efficieny • 2D EP + TP
B14: Reverse Sort & Unpermte | F14: =C14/$C$19 -> 0 | G14: =E14/$E$19 -> 0 | H14: =C14/E14 -> #DIV/0!
B15: Reduce | F15: =C15/$C$19 -> 0 | G15: =E15/$E$19 -> 0 | H15: =C15/E15 -> #DIV/0!
B16: Collect | C16: ='Decode Last Token'!G73 -> 0 | E16: 0.032 | F16: =C16/$C$19 -> 0 | G16: =E16/$E$19 -> 0.052980132 | H16: =C16/E16 -> 0 | J16: • AR is too slow • Use hirachial RS • quantization? be careful about the quality
A17: MoE (Shared) | B17: Input | C17: ='Decode Last Token'!H557 -> 0.0076442295 | F17: =C17/$C$19 -> 0.035584391 | G17: =E17/$E$19 -> 0 | H17: =C17/E17 -> #DIV/0!
B18: Output | C18: ='Decode Last Token'!H595 -> 0.00383589 | F18: =C18/$C$19 -> 0.01785632 | G18: =E18/$E$19 -> 0 | H18: =C18/E18 -> #DIV/0!
A19: Total | C19: ='Decode Last Token'!G76 -> 0.21481974 | E19: 0.604 | H19: =C19/E19 -> 0.35566182
A20: Mean ITL (ms) | C20: ='Config and Summary'!B50*1000/500 -> 13.380494 | D20: ='Model info & Targets'!I16 -> 38.94 | E20: ='moved to gomistral-ironwood-wor'!J3 -> 68.72 | H20: =C20/E20 -> 0.19471033 | I20: =D20/E20 -> 0.56664726
A21: Throughput (tok/s/chip) | C21: ='Config and Summary'!B59 -> 1026.8062 | D21: ='Model info & Targets'!F16 -> 392.7 | E21: ='moved to gomistral-ironwood-wor'!I3 -> 197.1925 | H21: =E21/C21 -> 0.19204452 | I21: =E21/D21 -> 0.5021454
A25: Prefill
A26: Layers | B26: Component | C26: Theoretical Roofline (ms) | D26: B200 | E26: Baseline (ms) (as of 5/20) | F26: Roofline (% of E2E) | G26: Baseline (% of E2E) | H26: % Theoretical Roofline | I26: % B200 | J26: Optimization Opportunities
A27: MLA | B27: Q Down Proj + KV Down Proj | C27: =Prefill!G57+Prefill!G60 -> 0.016535624 | F27: =C27/$C$43 -> 0.012531172 | G27: =E27/$E$43 -> 0 | H27: =C27/E27 -> #DIV/0! | J27: • Quantization • Why are weights in bf16? • Fuse layernorm
B28: Q Up Proj | C28: =Prefill!G58 -> 0.041231686 | F28: =C28/$C$43 -> 0.03124656 | G28: =E28/$E$43 -> 0 | H28: =C28/E28 -> #DIV/0! | J28: • Fuse act quant into the fusion • Eliminate the sparse core formatting
B29: Q Proj to K (K weight absoption) | C29: =Prefill!G59 -> 0.040147569 | F29: =C29/$C$43 -> 0.030424985 | G29: =E29/$E$43 -> 0 | H29: =C29/E29 -> #DIV/0! | J29: • Remove reshape • Remove copies
B30: QK (nope) + QK (rope) + AV | C30: =Prefill!G62 -> 0.62305659 | E30: 2 | F30: =C30/$C$43 -> 0.47217024 | G30: =E30/$E$43 -> 0.10869565 | H30: =C30/E30 -> 0.31152829 | J30: • Quantize Q pending quality verification • Try batched RPA • Kernel Tuning • Remove transpose/pad
B31: V Up Proj (Weight Absorption) | C31: =Prefill!G67 -> 0.027126736 | F31: =C31/$C$43 -> 0.020557422 | G31: =E34/$E$43 -> 0.11956522 | H31: =C31/E34 -> 0.012330335 | J31: • Matmul is meoery bound. Can we use FP4?
B32: O Proj | C32: =Prefill!G69 -> 0.12827636 | F32: =C32/$C$43 -> 0.097211519 | G32: =E32/$E$43 -> 0 | H32: =C32/E32 -> #DIV/0! | J32: • Fuse act quant into the fusion
A33: MoE (Routed) | B33: Token Routing | F33: =C33/$C$43 -> 0 | G33: =E33/$E$43 -> 0 | H33: =C33/E33 -> #DIV/0!
B34: Token Permute | E34: 2.2 | F34: =C34/$C$43 -> 0 | G34: =E34/$E$43 -> 0.11956522 | H34: =C34/E34 -> 0 | J34: • Overlap with shared expert | M34: =1.1+0.807 -> 1.907 | N34: =E36+E37 -> 1.969
B35: Dispatch | C35: =Prefill!G70 -> 0 | E35: 1.186 | F35: =C35/$C$43 -> 0 | G35: =E35/$E$43 -> 0.064456522 | H35: =C35/E35 -> 0 | J35: • FP8 AG | N35: =(N34-M34)/N34 -> 0.031488065
B36: Gating x 2 + Act | C36: =Prefill!G71 -> 0.25655271 | E36: 1.14 | F36: =C36/$C$43 -> 0.19442304 | G36: =E36/$E$43 -> 0.061956522 | H36: =C36/E36 -> 0.22504624 | J36: • Look into percale traces
B37: Linear | C37: =Prefill!G72 -> 0.18663194 | E37: 0.829 | F37: =C37/$C$43 -> 0.14143507 | G37: =E37/$E$43 -> 0.045054348 | H37: =C37/E37 -> 0.225129 | J37: • down proj gmm contract dim is small, so each shard only has 256 along contract dim. This limits gmm efficieny • 2D EP + TP
B38: Reverse Sort & Unpermte | E38: 5 | F38: =C38/$C$43 -> 0 | G38: =E38/$E$43 -> 0.27173913 | H38: =C38/E38 -> 0 | J38: • Look into existing SC kernel usage on TP
B39: Reduce | E39: 1.8 | F39: =C39/$C$43 -> 0 | G39: =E39/$E$43 -> 0.097826087 | H39: =C39/E39 -> 0
B40: Collect | C40: =Prefill!G73 -> 0 | E40: 2.393 | F40: =C40/$C$43 -> 0 | G40: =E40/$E$43 -> 0.13005435 | H40: =C40/E40 -> 0 | J40: • AR is too slow • Use hirachial RS • quantization? be careful about the quality
A41: MoE (Shared) | B41: Input | C41: =Prefill!H557 -> 0.013834635 | F41: =C41/$C$43 -> 0.010484285 | G41: =E41/$E$43 -> 0 | H41: =C41/E41 -> #DIV/0!
B42: Output | C42: =Prefill!H593 -> 0.032069089 | F42: =C42/$C$43 -> 0.02430288 | G42: =E42/$E$43 -> 0 | H42: =C42/E42 -> #DIV/0! | J42: • Fuse the abs_max and clamp • remove concatenate
A43: Total | C43: =SUM(C27:C40) -> 1.3195592 | E43: 18.4 | F43: =C43/$C$43 -> 1 | H43: =C43/E43 -> 0.071715175

Sheet simulator
A1: layers | B1: 61
B2: step time from xprof (ms) | C2: e2e latency | D2: # of Tokens | E2: Throughput (tokens/s/chip) | F2: QPS/chip
A3: prefill | B3: =21.1*1 -> 21.1 | C3: =B3/1000*$B$1 -> 1.2871 | D3: =2048*16 -> 32768 | E3: =D3/C3/8 -> 3182.3479 | F3: =E3/2048 -> 1.5538808
A4: decode | B4: =0.626*1 -> 0.626 | C4: =B4/1000*$B$1 -> 0.038186 | D4: =128*1 -> 128 | E4: =D4/C4/8 -> 419.00173 | F4: =E4/512 -> 0.81836275
A5: output | E5: =1/(1/F3 + 1/F4) * 512 -> 274.45696

Sheet Config and Summary
B1: Preset Selection: | C1: [2k/.5k] GB200 4-chip DP8/TP8 Aggregated MOE-a8a8 B=128 | F1: [2k/.5k] GF 2x2 DP8/EP8 Aggregated MOE-a8w8 B=32 | H1: [2k/.5k] GF 2x2x2 DP16/TP16 Aggregated MOE-a8a8 B=128 | J1: [2k/.5k] GF 4x4 DP32/EP32 Aggregated MOE-a8w8 | L1: [20k/.5k] GF 2x2 DP8/EP8 Aggregated MOE-a8w8 B=32 | N1: [20k/.5k] GF 2x2x2 DP8/EP8 Aggregated MOE-a8w8 B=128 | P1: [20k/.5k] GF 4x4 DP8/EP8 Aggregated MOE-a8w8 B=32 | R1: [2k/.5k] GB200 4-chip DP8/TP8 Aggregated MOE-a8a8 B=128
C2: Decode | D2: Prefill | F2: Decode | G2: Prefill | H2: Decode | I2: Prefill | J2: Decode | K2: Prefill | L2: Decode | M2: Prefill | N2: Decode | O2: Prefill | P2: Decode | Q2: Prefill | R2: Decode | S2: Prefill
A3: Device Assumptions
A4: Chip Name | C4: =XLOOKUP($C$1, $F$1:$U$1, F4:U4) -> GB200 Derated | D4: =XLOOKUP($C$1, $F$1:$U$1, G4:V4) -> GB200 Derated | F4: GhostFish (P3) Derated | G4: GhostFish (P3) Derated | H4: GhostFish (P3) Derated | I4: GhostFish (P3) Derated | J4: GhostFish (P3) Derated | K4: GhostFish (P3) Derated | L4: GhostFish (P3) Derated | M4: GhostFish (P3) Derated | N4: GhostFish (P3) Derated | O4: GhostFish (P3) Derated | P4: GhostFish (P3) Derated | Q4: GhostFish (P3) Derated | R4: GB200 Derated | S4: GB200 Derated
A5: Use Measured NCCL Lookup Table | C5: =XLOOKUP($C$1, $F$1:$U$1, F5:U5) -> TRUE | D5: =XLOOKUP($C$1, $F$1:$U$1, G5:V5) -> TRUE | F5: FALSE | G5: FALSE | H5: FALSE | I5: FALSE | J5: FALSE | K5: FALSE | L5: FALSE | M5: FALSE | N5: FALSE | O5: FALSE | P5: FALSE | Q5: FALSE | R5: TRUE | S5: TRUE
C6: =XLOOKUP($C$1, $F$1:$U$1, F6:U6) | D6: =XLOOKUP($C$1, $F$1:$U$1, G6:V6)
A7: Sharding (Axis Name, # of Devices) | C7: =XLOOKUP($C$1, $F$1:$U$1, F7:U7) | D7: =XLOOKUP($C$1, $F$1:$U$1, G7:V7)
A8: model | C8: =XLOOKUP($C$1, $F$1:$U$1, F8:U8) -> 1 | D8: =XLOOKUP($C$1, $F$1:$U$1, G8:V8) -> 1 | F8: 1 | G8: 1 | H8: 1 | I8: 1 | J8: 1 | K8: 1 | L8: 1 | M8: 1 | N8: 1 | O8: 1 | P8: 1 | Q8: 1 | R8: 1 | S8: 1
A9: data | C9: =XLOOKUP($C$1, $F$1:$U$1, F9:U9) -> 8 | D9: =XLOOKUP($C$1, $F$1:$U$1, G9:V9) -> 8 | F9: 8 | G9: 8 | H9: 16 | I9: 16 | J9: 32 | K9: 32 | L9: 8 | M9: 8 | N9: 16 | O9: 16 | P9: 32 | Q9: 32 | R9: 8 | S9: 8
A10: seq | C10: =XLOOKUP($C$1, $F$1:$U$1, F10:U10) -> 1 | D10: =XLOOKUP($C$1, $F$1:$U$1, G10:V10) -> 1 | F10: 1 | G10: 1 | H10: 1 | I10: 1 | J10: 1 | K10: 1 | L10: 1 | M10: 1 | N10: 1 | O10: 1 | P10: 1 | Q10: 1 | R10: 1 | S10: 1
A11: attn_model | C11: =XLOOKUP($C$1, $F$1:$U$1, F11:U11) -> 1 | D11: =XLOOKUP($C$1, $F$1:$U$1, G11:V11) -> 1 | F11: 1 | G11: 1 | H11: 1 | I11: 1 | J11: 1 | K11: 1 | L11: 1 | M11: 1 | N11: 1 | O11: 1 | P11: 1 | Q11: 1 | R11: 1 | S11: 1
C12: =XLOOKUP($C$1, $F$1:$U$1, F12:U12) | D12: =XLOOKUP($C$1, $F$1:$U$1, G12:V12)
A13: Serving Configuration and Strategy | C13: =XLOOKUP($C$1, $F$1:$U$1, F13:U13) | D13: =XLOOKUP($C$1, $F$1:$U$1, G13:V13)
A14: Sequence Length (Q) | B14: T | C14: =XLOOKUP($C$1, $F$1:$U$1, F14:U14) -> 1 | D14: =XLOOKUP($C$1, $F$1:$U$1, G14:V14) -> 2048 | F14: 1 | G14: 2048 | H14: 1 | I14: 2048 | J14: 1 | K14: 2048 | L14: 1 | M14: 20480 | N14: 1 | O14: 20480 | P14: 1 | Q14: 20480 | R14: 1 | S14: 2048
A15: Batch Size (power of 2) | B15: B | C15: =XLOOKUP($C$1, $F$1:$U$1, F15:U15) -> 128 | D15: =XLOOKUP($C$1, $F$1:$U$1, G15:V15) -> 8 | F15: 32 | G15: 8 | H15: 128 | I15: 16 | J15: 128 | K15: 32 | L15: 32 | M15: 8 | N15: 128 | O15: 16 | P15: 128 | Q15: 32 | R15: 128 | S15: 8
A16: Sequence Length (KV) | B16: S | C16: =XLOOKUP($C$1, $F$1:$U$1, F16:U16) -> 2560 | D16: =XLOOKUP($C$1, $F$1:$U$1, G16:V16) -> 2048 | F16: =G16+512 -> 2560 | G16: =G14 -> 2048 | H16: =I16+512 -> 2560 | I16: =I14 -> 2048 | J16: =K16+512 -> 2560 | K16: =K14 -> 2048 | L16: =M16+512 -> 20992 | M16: =M14 -> 20480 | N16: =O16+512 -> 20992 | O16: =O14 -> 20480 | P16: =Q16+512 -> 20992 | Q16: =Q14 -> 20480 | R16: =S16+512 -> 2560 | S16: =S14 -> 2048
A17: Sequence Length (KV) - First Token Decode | B17: S_first | C17: =XLOOKUP($C$1, $F$1:$U$1, F17:U17) -> 2048 | D17: =XLOOKUP($C$1, $F$1:$U$1, G17:V17) -> N/A | F17: 2048 | G17: N/A | H17: 2048 | I17: N/A | J17: 2048 | K17: N/A | L17: 20480 | M17: N/A | N17: 20480 | O17: N/A | P17: 20480 | Q17: N/A | R17: 2048 | S17: N/A
A18: Scheduler Latency Overhead | C18: =XLOOKUP($C$1, $F$1:$U$1, F18:U18) -> 0 | D18: =XLOOKUP($C$1, $F$1:$U$1, G18:V18) -> 0 | F18: 0 | G18: 0 | H18: 0 | I18: 0 | J18: 0 | K18: 0 | L18: 0 | M18: 0 | N18: 0 | O18: 0 | P18: 0 | Q18: 0 | R18: 0 | S18: 0
A19: Roofline Discount Rate | C19: =XLOOKUP($C$1, $F$1:$U$1, F19:U19) -> 1 | D19: =XLOOKUP($C$1, $F$1:$U$1, G19:V19) -> 1 | F19: 1 | G19: 1 | H19: 1 | I19: 1 | J19: 1 | K19: 1 | L19: 1 | M19: 1 | N19: 1 | O19: 1 | P19: 1 | Q19: 1 | R19: 1 | S19: 1
A20: Flash Attention Enabled | B20: flash_attn | C20: =XLOOKUP($C$1, $F$1:$U$1, F20:U20) -> TRUE | D20: =XLOOKUP($C$1, $F$1:$U$1, G20:V20) -> TRUE | F20: TRUE | G20: TRUE | H20: TRUE | I20: TRUE | J20: TRUE | K20: TRUE | L20: TRUE | M20: TRUE | N20: TRUE | O20: TRUE | P20: TRUE | Q20: TRUE | R20: TRUE | S20: TRUE
A21: Enforce Perfect Expert Routing | B21: enforce_perfect_expert_routing | C21: =XLOOKUP($C$1, $F$1:$U$1, F21:U21) -> TRUE | D21: =XLOOKUP($C$1, $F$1:$U$1, G21:V21) -> TRUE | F21: TRUE | G21: TRUE | H21: TRUE | I21: TRUE | J21: TRUE | K21: TRUE | L21: TRUE | M21: TRUE | N21: TRUE | O21: TRUE | P21: TRUE | Q21: TRUE | R21: TRUE | S21: TRUE
A22: MOE Token Dispatch Strategy | C22: =XLOOKUP($C$1, $F$1:$U$1, F22:U22) -> Strategy C: Hirarachical All-Gather | D22: =XLOOKUP($C$1, $F$1:$U$1, G22:V22) -> Strategy C: Hirarachical All-Gather | F22: Strategy C: Hirarachical All-Gather | G22: Strategy C: Hirarachical All-Gather | H22: Strategy C: Hirarachical All-Gather | I22: Strategy C: Hirarachical All-Gather | J22: Strategy C: Hirarachical All-Gather | K22: Strategy C: Hirarachical All-Gather | L22: Strategy C: Hirarachical All-Gather | M22: Strategy C: Hirarachical All-Gather | N22: Strategy C: Hirarachical All-Gather | O22: Strategy C: Hirarachical All-Gather | P22: Strategy C: Hirarachical All-Gather | Q22: Strategy C: Hirarachical All-Gather | R22: Strategy C: Hirarachical All-Gather | S22: Strategy C: Hirarachical All-Gather
A23: MOE Token Collect Strategy | C23: =XLOOKUP($C$1, $F$1:$U$1, F23:U23) -> Option C: Hierachical RS | D23: =XLOOKUP($C$1, $F$1:$U$1, G23:V23) -> Option C: Hierachical RS | F23: Option C: Hierachical RS | G23: Option C: Hierachical RS | H23: Option C: Hierachical RS | I23: Option C: Hierachical RS | J23: Option C: Hierachical RS | K23: Option C: Hierachical RS | L23: Option C: Hierachical RS | M23: Option C: Hierachical RS | N23: Option C: Hierachical RS | O23: Option C: Hierachical RS | P23: Option C: Hierachical RS | Q23: Option C: Hierachical RS | R23: Option C: Hierachical RS | S23: Option C: Hierachical RS
A24: MOE Collective Overlap Strategy | C24: =XLOOKUP($C$1, $F$1:$U$1, F24:U24) -> OptionA. No Overlapping | D24: =XLOOKUP($C$1, $F$1:$U$1, G24:V24) -> OptionA. No Overlapping | F24: OptionA. No Overlapping | G24: OptionA. No Overlapping | H24: OptionA. No Overlapping | I24: OptionA. No Overlapping | J24: OptionA. No Overlapping | K24: OptionA. No Overlapping | L24: OptionA. No Overlapping | M24: OptionA. No Overlapping | N24: OptionA. No Overlapping | O24: OptionA. No Overlapping | P24: OptionA. No Overlapping | Q24: OptionA. No Overlapping | R24: OptionA. No Overlapping | S24: OptionA. No Overlapping
C25: =XLOOKUP($C$1, $F$1:$U$1, F25:U25) | D25: =XLOOKUP($C$1, $F$1:$U$1, G25:V25)
A26: Numerics | C26: =XLOOKUP($C$1, $F$1:$U$1, F26:U26) | D26: =XLOOKUP($C$1, $F$1:$U$1, G26:V26)
A27: KV Cache dtype | B27: kv_dtype | C27: =XLOOKUP($C$1, $F$1:$U$1, F27:U27) -> fp8 | D27: =XLOOKUP($C$1, $F$1:$U$1, G27:V27) -> fp8 | F27: fp8 | G27: fp8 | H27: fp8 | I27: fp8 | J27: fp8 | K27: fp8 | L27: fp8 | M27: fp8 | N27: fp8 | O27: fp8 | P27: fp8 | Q27: fp8 | R27: fp8 | S27: fp8
A28: Attention Projections Numeric | B28: attn_proj_dtype | C28: =XLOOKUP($C$1, $F$1:$U$1, F28:U28) -> w8a8 | D28: =XLOOKUP($C$1, $F$1:$U$1, G28:V28) -> w8a8 | F28: w8a8 | G28: w8a8 | H28: w8a8 | I28: w8a8 | J28: w8a8 | K28: w8a8 | L28: w8a8 | M28: w8a8 | N28: w8a8 | O28: w8a8 | P28: w8a8 | Q28: w8a8 | R28: w8a8 | S28: w8a8
A29: Attention Output Projection Numerics | B29: attn_oproj_dtype | C29: =XLOOKUP($C$1, $F$1:$U$1, F29:U29) -> w8a8 | D29: =XLOOKUP($C$1, $F$1:$U$1, G29:V29) -> w8a8 | F29: w8a8 | G29: w8a8 | H29: w8a8 | I29: w8a8 | J29: w8a8 | K29: w8a8 | L29: w8a8 | M29: w8a8 | N29: w8a8 | O29: w8a8 | P29: w8a8 | Q29: w8a8 | R29: w8a8 | S29: w8a8
A30: Attention "K" numeric from KV | B30: attn_kv_k_dtype | C30: =XLOOKUP($C$1, $F$1:$U$1, F30:U30) -> bf16 | D30: =XLOOKUP($C$1, $F$1:$U$1, G30:V30) -> bf16 | F30: bf16 | G30: bf16 | H30: bf16 | I30: bf16 | J30: bf16 | K30: bf16 | L30: bf16 | M30: bf16 | N30: bf16 | O30: bf16 | P30: bf16 | Q30: bf16 | R30: bf16 | S30: bf16
A31: Attention "A" numeric from AV | B31: attn_av_a_dtype | C31: =XLOOKUP($C$1, $F$1:$U$1, F31:U31) -> bf16 | D31: =XLOOKUP($C$1, $F$1:$U$1, G31:V31) -> bf16 | F31: bf16 | G31: bf16 | H31: bf16 | I31: bf16 | J31: bf16 | K31: bf16 | L31: bf16 | M31: bf16 | N31: bf16 | O31: bf16 | P31: bf16 | Q31: bf16 | R31: bf16 | S31: bf16
A32: Expert Dispatch Numeric | B32: expert_dispatch_dtype | C32: =XLOOKUP($C$1, $F$1:$U$1, F32:U32) -> fp8 | D32: =XLOOKUP($C$1, $F$1:$U$1, G32:V32) -> fp8 | F32: fp8 | G32: fp8 | H32: fp8 | I32: fp8 | J32: fp8 | K32: fp8 | L32: fp8 | M32: fp8 | N32: fp8 | O32: fp8 | P32: fp8 | Q32: fp8 | R32: fp8 | S32: fp8
A33: MoE Numeric | B33: moe_dtype | C33: =XLOOKUP($C$1, $F$1:$U$1, F33:U33) -> w8a8 | D33: =XLOOKUP($C$1, $F$1:$U$1, G33:V33) -> w8a8 | F33: w8a8 | G33: w8a8 | H33: w8a8 | I33: w8a8 | J33: w8a8 | K33: w8a8 | L33: w8a8 | M33: w8a8 | N33: w8a8 | O33: w8a8 | P33: w8a8 | Q33: w8a8 | R33: w8a8 | S33: w8a8
A34: Expert Collect Numeric | B34: expert_collect_dtype | C34: =XLOOKUP($C$1, $F$1:$U$1, F34:U34) -> bf16 | D34: =XLOOKUP($C$1, $F$1:$U$1, G34:V34) -> bf16 | F34: bf16 | G34: bf16 | H34: bf16 | I34: bf16 | J34: bf16 | K34: bf16 | L34: bf16 | M34: bf16 | N34: bf16 | O34: bf16 | P34: bf16 | Q34: bf16 | R34: bf16 | S34: bf16
A36: Results
B38: Decode - First Token | C38: Decode - Last Token | D38: Prefill
A39: Memory Occupancy OK | B39: ='Decode First Token'!B94 -> TRUE | C39: ='Decode Last Token'!B94 -> TRUE | D39: =Prefill!B94 -> TRUE
A40: E2E Latency (s) | B40: ='Decode First Token'!B48 -> 0.013029773 | C40: ='Decode Last Token'!B48 -> 0.013104004 | D40: =Prefill!B48 -> 0.080493112
A41: Throughput (tokens/s) | B41: ='Decode First Token'!B49 -> 9823.6557 | C41: ='Decode Last Token'!B49 -> 9768.0068 | D41: =Prefill!B49 -> 203545.37
A42: Discounted Throughput (tokens/s) | B42: ='Decode First Token'!B50 -> 9823.6557 | C42: ='Decode Last Token'!B50 -> 9768.0068 | D42: =Prefill!B50 -> 203545.37
A43: Throughput (tokens/s/chip) | B43: ='Decode First Token'!B51 -> 1227.957 | C43: ='Decode Last Token'!B51 -> 1221.0008 | D43: =Prefill!B51 -> 25443.171
A45: Combined Results
A46: Input Seq Length | B46: =C17 -> 2048
A47: Output Seq Length | B47: =C16-C17 -> 512
A49: Decode # Chips | B49: ='Decode Last Token'!G11 -> 8
A50: Decode Latency - All Tokens (s) | B50: =(B40+C40)*B47/2 -> 6.6902468 | C50: Assume simple linear growth in per token latency from first to last token
A51: Decode Wt Avg Throughput (tokens/s/chip) | B51: =(C15*B47)/B50/B49 -> 1224.469 | C51: total tokens / latency all tokens / # chips
A53: Prefill QPS/chip | B53: =D43/B46 -> 12.423423
A54: Decode QPS/chip | B54: =B51/B47 -> 2.3915411
A55: Combined QPS/chip | B55: =1/(1/B53 + 1/B54) -> 2.0054808 | C55: Rate matching prefill and decode: combinedQpsPerChip=1 / ( 1 / prefillQpsPerChip + 1/decodeQpsPerChip)
A56: Prefill:Decode Ratio | B56: =B54/B53 -> 0.19250258 | C56: <1 means decode matters more, >1 means prefill matters more
A58: Combined tokens/s/chip | B58: =B55*sum(B46:B47) -> 5134.0309
A59: Output tokens/s/chip | B59: =B55*B47 -> 1026.8062
A71: max-num-batched-tokens (per device for dp) | B71: =D15*D14/D9 -> 2048
A72: max-num-seqs (per device for dp) | B72: =C15/C9 -> 16

Sheet Decode First Token
A1: Contact: donghyun@, gpolovets@, miliu@. Feedback/Bug reports are welcome!
A2: Description | B2: Symbol | C2: Value | F2: Sharding (Axis Name) | G2: # of Devices | H2: Notes | Q2: Size In Bytes | T2: MXU dtype
A3: Embedding Dimension | B3: D | C3: 7168 | F3: [ ↓ Configurable Values] | Q3: fp4 | R3: 0.5 | T3: =U3&","&V3 -> fp4,fp4 | U3: fp4 | V3: fp4 | W3: fp4
A4: Hidden Dimension | B4: F | C4: 4096 | F4: model | G4: ='Config and Summary'!$C8 -> 1 | Q4: fp8 | R4: 1 | T4: =U4&","&V4 -> fp4,fp8 | U4: fp4 | V4: fp8 | W4: fp8
A5: # of experts | B5: E | C5: 128 | F5: data | G5: ='Config and Summary'!$C9 -> 8 | H5: Also used for expert sharding for MoE | Q5: bf16 | R5: 2 | T5: =U5&","&V5 -> fp4,bf16 | U5: fp4 | V5: bf16 | W5: bf16
A6: # of Layers | B6: L | C6: 61 | F6: seq | G6: ='Config and Summary'!$C10 -> 1 | T6: =U6&","&V6 -> fp8,fp4 | U6: fp8 | V6: fp4 | W6: fp8
A7: # of Dense Layers | B7: DL | C7: 3 | F7: attn_model | G7: ='Config and Summary'!$C11 -> 1 | H7: Used if attention is replicated | T7: =U7&","&V7 -> fp8,fp8 | U7: fp8 | V7: fp8 | W7: fp8
A8: # of experts to be activated per token | B8: top_k | C8: 4 | F8: [ ↓ Derived Values]
A9: The dimension of the compressed latent vector for Query | B9: c_q | C9: 1536 | F9: data,model | G9: =G5*G4 -> 8 | T9: =U9&","&V9 -> fp8,bf16 | U9: fp8 | V9: bf16 | W9: bf16
A10: The dimension of the compressed latent vector for KV | B10: c_kv | C10: 512 | F10: Total # of devices | G10: =PRODUCT(G3:G6) -> 8 | T10: =U10&","&V10 -> bf16,fp4 | U10: bf16 | V10: fp4 | W10: bf16
A11: The dimension of Non-RoPE part of the query head | B11: h_nope | C11: 128 | F11: Total # of chips | G11: =$G$10/$H$18 -> 8 | T11: =U11&","&V11 -> bf16,fp8 | U11: bf16 | V11: fp8 | W11: bf16
A12: The dimension of the RoPE part of the query head | B12: h_rope | C12: 64 | T12: bf16,bf16 | U12: bf16 | V12: bf16 | W12: bf16
A13: The number of Attention Heads (Query) | B13: n_q | C13: 128
A14: [ ↓ Derived parameters]
A15: h_nope+h_rope | B15: h_nope+h_rope | C15: =$C$11+$C$12 -> 192
A16: c_kv+h_rope | B16: c_kv+h_rope | C16: =$C$10+$C$12 -> 576
A17: # of Duplicated tokens (top_k times) | B17: kT | C17: =C8*$C$25 -> 4 | F17: Hardware Spec | H17: ='Config and Summary'!C4 -> GB200 Derated
A18: # of Devices | B18: num_devices | C18: =$G$10 -> 8 | F18: {=DB!A2:A16} -> # of TensorCore per Chip | H18: {=xlookup($H$17,DB!1:1,DB!2:16)} -> 1
A19: # of Chips | B19: num_chips | C19: =$G$11 -> 8 | F19: Per-Chip HBM-BW (GB/s) | H19: 7200
A20: [TPU] Assumed Topology | B20: topo | C20: =vlookup(C19, DB!$A$26:$F$31, 5, False) -> 2x2x2 | F20: Per-Chip TFLOPS (fp4) | H20: 7500
A21: [TPU] Total # of Bidir Links | B21: num_links_in_topo | C21: =vlookup(C19, DB!$A$26:$F$31, 6, False) -> 12 | F21: Per-Chip TFLOPS (fp8) | H21: 3750
F22: Per-Chip TFLOPS (fp16) | H22: 1875
A23: [ ↓ Configurable parameters] | F23: Per-Chip HBM Capacity (GiB) | H23: 179
A24: Regime | B24: R | C24: Decode | F24: Per-Core HBM-BW (GB/s) | H24: 7200
A25: Sequence Length (Q) | B25: T | C25: ='Config and Summary'!C14 -> 1 | F25: Per-Core TFLOPS (fp4) | H25: 7500
A26: Batch Size (power of 2) | B26: B | C26: ='Config and Summary'!C15 -> 128 | F26: Per-Core TFLOPS (fp8) | H26: 3750
A27: Sequence Length (KV) | B27: S | C27: ='Config and Summary'!C17 -> 2048 | D27: Use the first token KV length | F27: Per-Core TFLOPS (bf16) | H27: 1875
A28: Scheduler Latency Overhead | C28: ='Config and Summary'!C18 -> 0 | F28: Per-Core HBM Capacity (GiB) | H28: 179
A29: Roofline Discount Rate | C29: ='Config and Summary'!C19 -> 1 | F29: Core-to-Core ICI Bandwidth (uni, GB/s) | H29: 900
A30: Flash Attention Enabled | B30: flash_attn | C30: ='Config and Summary'!C20 -> TRUE | F30: Chip-to-Chip ICI Bandwidth (uni, GB/s) | H30: 900
A31: Enforce Perfect Expert Routing | B31: enforce_perfect_expert_routing | C31: ='Config and Summary'!C21 -> TRUE | F31: Chip-to-Chip ICI Latency (ms) | H31: 0
A32: [ ↓ Configurable Numeric] | F32: Min MXU Contracting Dim | H32: 1
A33: KV Cache dtype | B33: kv_dtype | C33: ='Config and Summary'!C27 -> fp8
A34: Attention Projections Numeric | B34: attn_proj_dtype | C34: ='Config and Summary'!C28 -> w8a8
A35: Attention Output Projection Numerics | B35: attn_oproj_dtype | C35: ='Config and Summary'!C29 -> w8a8
A36: Attention "K" numeric from KV | B36: attn_kv_k_dtype | C36: ='Config and Summary'!C30 -> bf16
A37: Attention "A" numeric from AV | B37: attn_av_a_dtype | C37: ='Config and Summary'!C31 -> bf16
A38: Expert Dispatch Numeric | B38: expert_dispatch_dtype | C38: ='Config and Summary'!C32 -> fp8
A39: MoE Numeric | B39: moe_dtype | C39: ='Config and Summary'!C33 -> w8a8
A40: Expert Collect Numeric | B40: expert_collect_dtype | C40: ='Config and Summary'!C34 -> bf16
A42: Use Measured NCCL Lookup Table | B42: use_nccl_lookup | C42: ='Config and Summary'!C5 -> TRUE
A44: 💡Top Line Metrics
A45: Metric Name | B45: ="Value (" & H17 & ")" -> Value (GB200 Derated)
A46: # of Tokens | B46: =$C26*$C25 -> 128
A47: # Devices | B47: =G10 -> 8
A48: E2E Latency (s) | B48: =$G$76/1000 * $C$6 -> 0.013029773
A49: Throughput (tokens/s) | B49: =$B$46/$B$48 -> 9823.6557
A50: Discounted Throughput (tokens/s) | B50: =B46/(B48*(1+C28))*C29 -> 9823.6557
A51: Throughput (tokens/s/chip) | B51: =B50/$G$11 -> 1227.957
G53: =sum(G57:G60)+G67+G69 -> 0.024917656
A55: ⚡Roofline Summary
A56: Category | B56: Op Name | C56: Memory Time (ms) | D56: Compute Time (ms) | E56: ICI Latency Time (ms) | F56: ICI BW Time (ms) | G56: Roofline Time (ms) | H56: Boundness | J56: % Sum | K56: ICI Overlap?
A57: MLA | B57: Q Down Proj | C57: =$H$141 -> 0.0014453464 | D57: =$H$139 -> 9.395241e-05 | E57: =$H$136 -> 0 | F57: =H134 -> 0 | G57: =IF(K57,max(C57:F57), max(C57:D57)+max(E57:F57)) -> 0.0014453464 | H57: =LET(maxtime, MAX(C57:F57), IFS(maxtime=0, "", C57=maxtime, "HBM", D57=maxtime, "Compute", E57=maxtime, "ICI Lt", F57=maxtime, "ICI BW")) -> HBM | J57: =G57/$G$74 -> 0.0067665134 | K57: TRUE
A58: MLA | B58: Q Up Proj | C58: =$H$168 -> 0.0049877167 | D58: =$H$166 -> 0.00032212255 | F58: =H163 -> 0 | G58: =IF(K58,max(C58:F58), max(C58:D58)+max(E58:F58)) -> 0.0049877167 | H58: =LET(maxtime, MAX(C58:F58), IFS(maxtime=0, "", C58=maxtime, "HBM", D58=maxtime, "Compute", E58=maxtime, "ICI Lt", F58=maxtime, "ICI BW")) -> HBM | J58: =G58/$G$74 -> 0.023350424 | K58: TRUE
A59: MLA | B59: Q Proj to K (K weight absoption) | C59: =$H$187 -> 0.0013902452 | D59: =$H$185 -> 7.1582788e-05 | G59: =IF(K59,max(C59:F59), max(C59:D59)+max(E59:F59)) -> 0.0013902452 | H59: =LET(maxtime, MAX(C59:F59), IFS(maxtime=0, "", C59=maxtime, "HBM", D59=maxtime, "Compute", E59=maxtime, "ICI Lt", F59=maxtime, "ICI BW")) -> HBM | J59: =G59/$G$74 -> 0.0065085524
A60: MLA | B60: KV Down Proj | C60: =$H$206 -> 0.00055127674 | D60: =$H$204 -> 3.5232154e-05 | G60: =IF(K60,max(C60:F60), max(C60:D60)+max(E60:F60)) -> 0.00055127674 | H60: =LET(maxtime, MAX(C60:F60), IFS(maxtime=0, "", C60=maxtime, "HBM", D60=maxtime, "Compute", E60=maxtime, "ICI Lt", F60=maxtime, "ICI BW")) -> HBM | J60: =G60/$G$74 -> 0.0025808494
A61: MLA | B61: AllGather KV | F61: =$H$236 -> 0 | G61: =IF(K61,max(C61:F61), max(C61:D61)+max(E61:F61)) -> 0 | H61: =LET(maxtime, MAX(C61:F61), IFS(maxtime=0, "", C61=maxtime, "HBM", D61=maxtime, "Compute", E61=maxtime, "ICI Lt", F61=maxtime, "ICI BW")) | J61: =G61/$G$74 -> 0
A62: MLA | B62: FlashAttention | C62: =SUM(C64:C66) -> 0.0030178494 | D62: =SUM(D64:D66) -> 0.0048676296 | G62: =IF(PARAMS("flash_attn"),MAX(C62:F62),0) -> 0.0048676296 | H62: =LET(maxtime, MAX(C62:F62), IFS(maxtime=0, "", C62=maxtime, "HBM", D62=maxtime, "Compute", E62=maxtime, "ICI Lt", F62=maxtime, "ICI BW")) -> Compute | J62: =G62/$G$74 -> 0.022788226
A63: MLA | B63: VanillaAttention | G63: =IF(PARAMS("flash_attn"),0,SUM(G64:G66)) -> 0 | H63: =LET(maxtime, MAX(C63:F63), IFS(maxtime=0, "", C63=maxtime, "HBM", D63=maxtime, "Compute", E63=maxtime, "ICI Lt", F63=maxtime, "ICI BW")) | J63: =G63/$G$74 -> 0
A64: MLA | B64: |- QK (nope) | C64: =$H$255 -> 0.0024414062 | D64: =$H$253 -> 0.0022906492 | G64: =max(C64:F64) -> 0.0024414062 | H64: =LET(maxtime, MAX(C64:F64), IFS(maxtime=0, "", C64=maxtime, "HBM", D64=maxtime, "Compute", E64=maxtime, "ICI Lt", F64=maxtime, "ICI BW")) -> HBM
A65: MLA | B65: |- QK (rope) | C65: =$H$274 -> 0.00030517578 | D65: =$H$272 -> 0.00028633115 | G65: =max(C65:F65) -> 0.00030517578 | H65: =LET(maxtime, MAX(C65:F65), IFS(maxtime=0, "", C65=maxtime, "HBM", D65=maxtime, "Compute", E65=maxtime, "ICI Lt", F65=maxtime, "ICI BW")) -> HBM
A66: MLA | B66: |- AV | C66: =$H$293 -> 0.00027126736 | D66: =$H$291 -> 0.0022906492 | G66: =max(C66:F66) -> 0.0022906492 | H66: =LET(maxtime, MAX(C66:F66), IFS(maxtime=0, "", C66=maxtime, "HBM", D66=maxtime, "Compute", E66=maxtime, "ICI Lt", F66=maxtime, "ICI BW")) -> Compute
A67: MLA | B67: V Up Proj (Weight Absorption) | C67: =H312 -> 0.00128852 | D67: =H310 -> 7.1582788e-05 | G67: =IF(K67,max(C67:F67), max(C67:D67)+max(E67:F67)) -> 0.00128852 | H67: =LET(maxtime, MAX(C67:F67), IFS(maxtime=0, "", C67=maxtime, "HBM", D67=maxtime, "Compute", E67=maxtime, "ICI Lt", F67=maxtime, "ICI BW")) -> HBM | J67: =G67/$G$74 -> 0.0060323169 | K67: TRUE
A68: MLA | B68: AllGather | F68: =$G$327 -> 0 | G68: =IF(K68,max(C68:F68), max(C68:D68)+max(E68:F68)) -> 0 | H68: =LET(maxtime, MAX(C68:F68), IFS(maxtime=0, "", C68=maxtime, "HBM", D68=maxtime, "Compute", E68=maxtime, "ICI Lt", F68=maxtime, "ICI BW")) | J68: =G68/$G$74 -> 0
A69: MLA | B69: O Proj | C69: =H354 -> 0.015254551 | D69: =H352 -> 0.001002159 | F69: =$H$349 -> 0 | G69: =IF(K69,max(C69:F69), max(C69:D69)+max(E69:F69)) -> 0.015254551 | H69: =LET(maxtime, MAX(C69:F69), IFS(maxtime=0, "", C69=maxtime, "HBM", D69=maxtime, "Compute", E69=maxtime, "ICI Lt", F69=maxtime, "ICI BW")) -> HBM | J69: =G69/$G$74 -> 0.071415489 | K69: TRUE
A70: MoE | B70: Dispatch | E70: =$H$406 -> 0 | F70: =$H$404 -> N/A | G70: =IF(K70,max(C70:F70), max(C70:D70)+max(E70:F70)) -> 0 | H70: =LET(maxtime, MAX(C70:F70), IFS(maxtime=0, "", C70=maxtime, "HBM", D70=maxtime, "Compute", E70=maxtime, "ICI Lt", F70=maxtime, "ICI BW")) | J70: =G70/$G$74 -> 0
A71: MoE | B71: Gating x 2 + Act | C71: =$H$454 -> 0.12207031 | D71: =$H$452 -> 0.0020043181 | F71: =$H$444 -> 0 | G71: =IF(K71,max(C71:F71), max(C71:D71)+max(E71:F71)) -> 0.12207031 | H71: =LET(maxtime, MAX(C71:F71), IFS(maxtime=0, "", C71=maxtime, "HBM", D71=maxtime, "Compute", E71=maxtime, "ICI Lt", F71=maxtime, "ICI BW")) -> HBM | J71: =G71/$G$74 -> 0.57148265 | K71: TRUE
A72: MoE | B72: Linear | C72: =$H$490 -> 0.061747233 | D72: =$H$488 -> 0.001002159 | F72: =$H$479 -> 0 | G72: =IF(K72,max(C72:F72), max(C72:D72)+max(E72:F72)) -> 0.061747233 | H72: =LET(maxtime, MAX(C72:F72), IFS(maxtime=0, "", C72=maxtime, "HBM", D72=maxtime, "Compute", E72=maxtime, "ICI Lt", F72=maxtime, "ICI BW")) -> HBM | J72: =G72/$G$74 -> 0.28907498 | K72: TRUE
A73: MoE | B73: Collect | E73: =$H$538 -> 0 | F73: =$H$536 -> N/A | G73: =IF(K73,max(C73:F73), max(C73:D73)+max(E73:F73)) -> 0 | H73: =LET(maxtime, MAX(C73:F73), IFS(maxtime=0, "", C73=maxtime, "HBM", D73=maxtime, "Compute", E73=maxtime, "ICI Lt", F73=maxtime, "ICI BW")) | J73: =G73/$G$74 -> 0
E74: Overlapping Strategy | F74: OptionA. No Overlapping | G74: =SUM(G57:G63,G67:G73) -> 0.21360283 | J74: =G74/$G$74 -> 1
F75: OptionB. Overlapping Expert Collectives | G75: =SUM(G57:G63,G67:G69)+MAX(G70:G71)+MAX(G72:G73) -> 0.21360283
A76: TOTAL | E76: Selected Strategy | F76: ='Config and Summary'!C24 -> OptionA. No Overlapping | G76: =IF(F76=F74,G74,G75) -> 0.21360283
A79: 💾 Memory Occupancy | E79: 🔍 Detailed Op Analysis 1 - MLA (Multi-head Latent Attention)
A80: Key | B80: Value | C80: Notes | E80: Operation | F80: Details | I80: Dimensions | O80: dtype | P80: Size(MiB) | Q80: VMEM Prefetched /Pinned
A81: Attention Weights, Global (GiB) | B81: =SUM(P90,P147,P174,P193,P299,P333) * PARAMS("L") / 1024 -> 10.629578 | E81: 0. Activation Before Attention Layer | F81: Activation Tensor | H81: Dimension Name | I81: ( | K81: B | L81: T | M81: D | N81: ) | O81: fp8
A82: MoE Weights, Global (GiB) | B82: =SUM($P$362,$P$460) * PARAMS("L") / 1024 -> 213.7085 | H82: Global Shape | I82: ( | K82: =PARAMS(K81) -> 128 | L82: =PARAMS(L81) -> 1 | M82: =PARAMS(M81) -> 7168 | N82: ) | P82: =SIZEOF_IN_MIB(J82:M82, $O81) -> 0.875
A83: Other Weights, Global (GiB) | H83: Sharding | I83: ( | K83: data,model | N83: )
A84: KV Cache Size, Global (GiB) | B84: =SIZEOF_IN_MIB(PARAMS("B")*PARAMS("S")*PARAMS("L")*(PARAMS("c_kv")+PARAMS("h_rope")), PARAMS("kv_dtype"))/1024 -> 8.578125 | H84: Local Shape (per-core) | I84: ( | K84: =K82/SHARDING(K83) -> 16 | L84: =L82/SHARDING(L83) -> 1 | M84: =M82/SHARDING(M83) -> 7168 | N84: ) | P84: =SIZEOF_IN_MIB(J84:M84, $O81) -> 0.109375
A85: Intermediate Activation Tensors, Global (GiB) | B85: =MAX(P90,P109,P139,P166,P185,P204,P253,P272,P291,P307,P369,P419,P504,P524)/1024 -> 0.010253906 | E85: 1. Q Down Proj | F85: LHS | H85: Dimension Name | I85: ( | K85: B | L85: T | M85: D | N85: ) | O85: =EXTRACT_ACTIVATION_DTYPE(PARAMS("attn_proj_dtype")) -> fp8 | Q85: FALSE
A86: TOTAL (Global) | B86: =SUM(B81:B84) -> 232.9162 | C86: ="<=" & ($H$28 * PARAMS("num_devices")) & " (Capacity)?" -> <=1432 (Capacity)? | H86: Global Shape | I86: ( | K86: =PARAMS(K85) -> 128 | L86: =PARAMS(L85) -> 1 | M86: =PARAMS(M85) -> 7168 | N86: ) | P86: =SIZEOF_IN_MIB(J86:M86, $O85) -> 0.875
H87: Sharding | I87: ( | K87: data,model | N87: )
A88: Attention Weights, Local (GiB) | B88: =SUM(P92,P149,P176,P195,P301,P335) * PARAMS("L") / 1024 -> 10.629578 | H88: Local Shape (per-core) | I88: ( | K88: =K86/SHARDING(K87) -> 16 | L88: =L86/SHARDING(L87) -> 1 | M88: =M86/SHARDING(M87) -> 7168 | N88: ) | P88: =SIZEOF_IN_MIB(J88:M88, $O85) -> 0.109375
A89: MoE Weights, Local (GiB) | B89: =SUM(P414,P462) * PARAMS("L") / 1024 -> 80.0625 | F89: RHS | H89: Dimension Name | I89: ( | L89: D | M89: c_q | N89: ) | O89: =EXTRACT_WEIGHT_DTYPE(PARAMS("attn_proj_dtype")) -> fp8 | Q89: FALSE
A90: Other Weights, Global (GiB) | H90: Global Shape | I90: ( | L90: =PARAMS(L89) -> 7168 | M90: =PARAMS(M89) -> 1536 | N90: ) | P90: =SIZEOF_IN_MIB(J90:M90, $O89) -> 10.5
A91: KV Cache Size, Local (GiB) | B91: =B84/PARAMS("num_devices") -> 1.0722656 | H91: Sharding | I91: ( | N91: )
A92: Intermediate Activation Tensors, Local (GiB) | B92: =MAX(P92,P111,P141,P168,P187,P206,P255,P274,P293,P309,P371,P421,P506,P526)/1024 -> 0.010253906 | H92: Local Shape (per-core) | I92: ( | L92: =L90/SHARDING(L91) -> 7168 | M92: =M90/SHARDING(M91) -> 1536 | N92: ) | P92: =SIZEOF_IN_MIB(J92:M92, $O89) -> 10.5
A93: TOTAL (Local) | B93: =SUM(B88:B91) -> 91.764343 | C93: ="<=" & ($H$28) & " (Capacity)?" -> <=179 (Capacity)? | F93: Output | H93: Dimension Name | I93: ( | K93: B | L93: T | M93: c_q | N93: ) | O93: bf16 | Q93: FALSE
A94: Memory Occupancy OK | B94: =if(B93 <= HW_SPEC("Per-Core HBM Capacity (GiB)"), TRUE, FALSE) -> TRUE | H94: Global Shape | I94: ( | K94: =PARAMS(K93) -> 128 | L94: =PARAMS(L93) -> 1 | M94: =PARAMS(M93) -> 1536 | N94: ) | P94: =SIZEOF_IN_MIB(K94:M94, $O93) -> 0.375
H95: Sharding | I95: ( | K95: data,model | N95: )
H96: Local Shape (per-core) | I96: ( | K96: =K94/SHARDING(K95) -> 16 | L96: =L94/SHARDING(L95) -> 1 | M96: =M94/SHARDING(M95) -> 1536 | N96: ) | P96: =SIZEOF_IN_MIB(K96:M96, $O93) -> 0.046875
F97: Pre-operation Collectives | G97: Transferring Tensor | H97: Dimension Name | I97: ( | J97: {=J81:M84} | K97: B | L97: T | M97: D | N97: ) | O97: =O85 -> fp8
H98: Global Shape | I98: ( | K98: 128 | L98: 1 | M98: 7168 | N98: ) | P98: =SIZEOF_IN_MIB(J98:M98, O97) -> 0.875
H99: Source Sharding | I99: ( | K99: data,model | N99: )
H100: Source Local Shape (per-core) | I100: ( | K100: 16 | L100: 1 | M100: 7168 | N100: ) | P100: =SIZEOF_IN_MIB(J100:M100, O97) -> 0.109375
H101: Target Sharding | I101: ( | N101: )
G102: Strategy A: All-Gather Tokens with no chiplet involved
G103: # of devices involved | H103: =SHARDING(K99)*SHARDING(L99)*SHARDING(M99) -> 8
G104: Per-device: Data transferred from a device (MiB) | H104: =P100 * (H103-1) -> 0.765625
G105: Global Traffic Size (MiB) | H105: =H104*H103 -> 6.125
G106: # of Links involved | H106: =IFS(H103=8,12, H103=4,4, H103=2,1, H103=1,0, TRUE,NA()) -> 12
...

Sheet Decode Last Token
A1: Contact: donghyun@, gpolovets@, miliu@. Feedback/Bug reports are welcome!
A2: Description | B2: Symbol | C2: Value | F2: Sharding (Axis Name) | G2: # of Devices | H2: Notes | Q2: Size In Bytes | T2: MXU dtype
A3: Embedding Dimension | B3: D | C3: 7168 | F3: [ ↓ Configurable Values] | Q3: fp4 | R3: 0.5 | T3: =U3&","&V3 -> fp4,fp4 | U3: fp4 | V3: fp4 | W3: fp4
A4: Hidden Dimension | B4: F | C4: 4096 | F4: model | G4: ='Config and Summary'!$C8 -> 1 | Q4: fp8 | R4: 1 | T4: =U4&","&V4 -> fp4,fp8 | U4: fp4 | V4: fp8 | W4: fp8
A5: # of experts | B5: E | C5: 128 | F5: data | G5: ='Config and Summary'!$C9 -> 8 | H5: Also used for expert sharding for MoE | Q5: bf16 | R5: 2 | T5: =U5&","&V5 -> fp4,bf16 | U5: fp4 | V5: bf16 | W5: bf16
A6: # of Layers | B6: L | C6: 61 | F6: seq | G6: ='Config and Summary'!$C10 -> 1 | T6: =U6&","&V6 -> fp8,fp4 | U6: fp8 | V6: fp4 | W6: fp8
A7: # of Dense Layers | B7: DL | C7: 3 | F7: attn_model | G7: ='Config and Summary'!$C11 -> 1 | H7: Used if attention is replicated | T7: =U7&","&V7 -> fp8,fp8 | U7: fp8 | V7: fp8 | W7: fp8
A8: # of experts to be activated per token | B8: top_k | C8: 4 | F8: [ ↓ Derived Values]
A9: The dimension of the compressed latent vector for Query | B9: c_q | C9: 1536 | F9: data,model | G9: =G5*G4 -> 8 | T9: =U9&","&V9 -> fp8,bf16 | U9: fp8 | V9: bf16 | W9: bf16
A10: The dimension of the compressed latent vector for KV | B10: c_kv | C10: 512 | F10: Total # of devices | G10: =PRODUCT(G3:G6) -> 8 | T10: =U10&","&V10 -> bf16,fp4 | U10: bf16 | V10: fp4 | W10: bf16
A11: The dimension of Non-RoPE part of the query head | B11: h_nope | C11: 128 | F11: Total # of chips | G11: =$G$10/$H$18 -> 8 | T11: =U11&","&V11 -> bf16,fp8 | U11: bf16 | V11: fp8 | W11: bf16
A12: The dimension of the RoPE part of the query head | B12: h_rope | C12: 64 | T12: bf16,bf16 | U12: bf16 | V12: bf16 | W12: bf16
A13: The number of Attention Heads (Query) | B13: n_q | C13: 128
A14: [ ↓ Derived parameters]
A15: h_nope+h_rope | B15: h_nope+h_rope | C15: =$C$11+$C$12 -> 192
A16: c_kv+h_rope | B16: c_kv+h_rope | C16: =$C$10+$C$12 -> 576
A17: # of Duplicated tokens (top_k times) | B17: kT | C17: =C8*$C$25 -> 4 | F17: Hardware Spec | H17: ='Config and Summary'!C4 -> GB200 Derated
A18: # of Devices | B18: num_devices | C18: =$G$10 -> 8 | F18: {=DB!A2:A16} -> # of TensorCore per Chip | H18: {=xlookup($H$17,DB!1:1,DB!2:16)} -> 1
A19: # of Chips | B19: num_chips | C19: =$G$11 -> 8 | F19: Per-Chip HBM-BW (GB/s) | H19: 7200
A20: [TPU] Assumed Topology | B20: topo | C20: =vlookup(C19, DB!$A$26:$F$31, 5, False) -> 2x2x2 | F20: Per-Chip TFLOPS (fp4) | H20: 7500
A21: [TPU] Total # of Bidir Links | B21: num_links_in_topo | C21: =vlookup(C19, DB!$A$26:$F$31, 6, False) -> 12 | F21: Per-Chip TFLOPS (fp8) | H21: 3750
F22: Per-Chip TFLOPS (fp16) | H22: 1875
A23: [ ↓ Configurable parameters] | F23: Per-Chip HBM Capacity (GiB) | H23: 179
A24: Regime | B24: R | C24: Decode | F24: Per-Core HBM-BW (GB/s) | H24: 7200
A25: Sequence Length (Q) | B25: T | C25: ='Config and Summary'!C14 -> 1 | F25: Per-Core TFLOPS (fp4) | H25: 7500
A26: Batch Size (power of 2) | B26: B | C26: ='Config and Summary'!C15 -> 128 | F26: Per-Core TFLOPS (fp8) | H26: 3750
A27: Sequence Length (KV) | B27: S | C27: ='Config and Summary'!C16 -> 2560 | F27: Per-Core TFLOPS (bf16) | H27: 1875
A28: Scheduler Latency Overhead | C28: ='Config and Summary'!C18 -> 0 | F28: Per-Core HBM Capacity (GiB) | H28: 179
A29: Roofline Discount Rate | C29: ='Config and Summary'!C19 -> 1 | F29: Core-to-Core ICI Bandwidth (uni, GB/s) | H29: 900
A30: Flash Attention Enabled | B30: flash_attn | C30: ='Config and Summary'!C20 -> TRUE | F30: Chip-to-Chip ICI Bandwidth (uni, GB/s) | H30: 900
A31: Enforce Perfect Expert Routing | B31: enforce_perfect_expert_routing | C31: ='Config and Summary'!C21 -> TRUE | F31: Chip-to-Chip ICI Latency (ms) | H31: 0
A32: [ ↓ Configurable Numeric] | F32: Min MXU Contracting Dim | H32: 1
A33: KV Cache dtype | B33: kv_dtype | C33: ='Config and Summary'!C27 -> fp8
A34: Attention Projections Numeric | B34: attn_proj_dtype | C34: ='Config and Summary'!C28 -> w8a8
A35: Attention Output Projection Numerics | B35: attn_oproj_dtype | C35: ='Config and Summary'!C29 -> w8a8
A36: Attention "K" numeric from KV | B36: attn_kv_k_dtype | C36: ='Config and Summary'!C30 -> bf16
A37: Attention "A" numeric from AV | B37: attn_av_a_dtype | C37: ='Config and Summary'!C31 -> bf16
A38: Expert Dispatch Numeric | B38: expert_dispatch_dtype | C38: ='Config and Summary'!C32 -> fp8
A39: MoE Numeric | B39: moe_dtype | C39: ='Config and Summary'!C33 -> w8a8
A40: Expert Collect Numeric | B40: expert_collect_dtype | C40: ='Config and Summary'!C34 -> bf16
A42: Use Measured NCCL Lookup Table | B42: use_nccl_lookup | C42: ='Config and Summary'!C5 -> TRUE
A44: 💡Top Line Metrics
A45: Metric Name | B45: ="Value (" & H17 & ")" -> Value (GB200 Derated)
A46: # of Tokens | B46: =$C26*$C25 -> 128
A47: # Devices | B47: =G10 -> 8
A48: E2E Latency (s) | B48: =$G$76/1000 * $C$6 -> 0.013104004
A49: Throughput (tokens/s) | B49: =$B$46/$B$48 -> 9768.0068
A50: Discounted Throughput (tokens/s) | B50: =B46/(B48*(1+C28))*C29 -> 9768.0068
A51: Throughput (tokens/s/chip) | B51: =B50/$G$11 -> 1221.0008
G53: =sum(G57:G60)+G67+G69 -> 0.024917656
A55: ⚡Roofline Summary
A56: Category | B56: Op Name | C56: Memory Time (ms) | D56: Compute Time (ms) | E56: ICI Latency Time (ms) | F56: ICI BW Time (ms) | G56: Roofline Time (ms) | H56: Boundness | J56: % Sum | K56: ICI Overlap?
A57: MLA | B57: Q Down Proj | C57: =$H$141 -> 0.0014453464 | D57: =$H$139 -> 9.395241e-05 | E57: =$H$136 -> 0 | F57: =H134 -> 0 | G57: =IF(K57,max(C57:F57), max(C57:D57)+max(E57:F57)) -> 0.0014453464 | H57: =LET(maxtime, MAX(C57:F57), IFS(maxtime=0, "", C57=maxtime, "HBM", D57=maxtime, "Compute", E57=maxtime, "ICI Lt", F57=maxtime, "ICI BW")) -> HBM | J57: =G57/$G$74 -> 0.0067281825 | K57: TRUE
A58: MLA | B58: Q Up Proj | C58: =$H$168 -> 0.0049877167 | D58: =$H$166 -> 0.00032212255 | F58: =H163 -> 0 | G58: =IF(K58,max(C58:F58), max(C58:D58)+max(E58:F58)) -> 0.0049877167 | H58: =LET(maxtime, MAX(C58:F58), IFS(maxtime=0, "", C58=maxtime, "HBM", D58=maxtime, "Compute", E58=maxtime, "ICI Lt", F58=maxtime, "ICI BW")) -> HBM | J58: =G58/$G$74 -> 0.023218149 | K58: TRUE
A59: MLA | B59: Q Proj to K (K weight absoption) | C59: =$H$187 -> 0.0013902452 | D59: =$H$185 -> 7.1582788e-05 | G59: =IF(K59,max(C59:F59), max(C59:D59)+max(E59:F59)) -> 0.0013902452 | H59: =LET(maxtime, MAX(C59:F59), IFS(maxtime=0, "", C59=maxtime, "HBM", D59=maxtime, "Compute", E59=maxtime, "ICI Lt", F59=maxtime, "ICI BW")) -> HBM | J59: =G59/$G$74 -> 0.0064716829
A60: MLA | B60: KV Down Proj | C60: =$H$206 -> 0.00055127674 | D60: =$H$204 -> 3.5232154e-05 | G60: =IF(K60,max(C60:F60), max(C60:D60)+max(E60:F60)) -> 0.00055127674 | H60: =LET(maxtime, MAX(C60:F60), IFS(maxtime=0, "", C60=maxtime, "HBM", D60=maxtime, "Compute", E60=maxtime, "ICI Lt", F60=maxtime, "ICI BW")) -> HBM | J60: =G60/$G$74 -> 0.0025662294
A61: MLA | B61: AllGather KV | F61: =$H$236 -> 0 | G61: =IF(K61,max(C61:F61), max(C61:D61)+max(E61:F61)) -> 0 | H61: =LET(maxtime, MAX(C61:F61), IFS(maxtime=0, "", C61=maxtime, "HBM", D61=maxtime, "Compute", E61=maxtime, "ICI Lt", F61=maxtime, "ICI BW")) | J61: =G61/$G$74 -> 0
A62: MLA | B62: FlashAttention | C62: =SUM(C64:C66) -> 0.003628201 | D62: =SUM(D64:D66) -> 0.006084537 | G62: =IF(PARAMS("flash_attn"),MAX(C62:F62),0) -> 0.006084537 | H62: =LET(maxtime, MAX(C62:F62), IFS(maxtime=0, "", C62=maxtime, "HBM", D62=maxtime, "Compute", E62=maxtime, "ICI Lt", F62=maxtime, "ICI BW")) -> Compute | J62: =G62/$G$74 -> 0.02832392
A63: MLA | B63: VanillaAttention | G63: =IF(PARAMS("flash_attn"),0,SUM(G64:G66)) -> 0 | H63: =LET(maxtime, MAX(C63:F63), IFS(maxtime=0, "", C63=maxtime, "HBM", D63=maxtime, "Compute", E63=maxtime, "ICI Lt", F63=maxtime, "ICI BW")) | J63: =G63/$G$74 -> 0
A64: MLA | B64: |- QK (nope) | C64: =$H$255 -> 0.002983941 | D64: =$H$253 -> 0.0028633115 | G64: =max(C64:F64) -> 0.002983941 | H64: =LET(maxtime, MAX(C64:F64), IFS(maxtime=0, "", C64=maxtime, "HBM", D64=maxtime, "Compute", E64=maxtime, "ICI Lt", F64=maxtime, "ICI BW")) -> HBM
A65: MLA | B65: |- QK (rope) | C65: =$H$274 -> 0.00037299262 | D65: =$H$272 -> 0.00035791394 | G65: =max(C65:F65) -> 0.00037299262 | H65: =LET(maxtime, MAX(C65:F65), IFS(maxtime=0, "", C65=maxtime, "HBM", D65=maxtime, "Compute", E65=maxtime, "ICI Lt", F65=maxtime, "ICI BW")) -> HBM
A66: MLA | B66: |- AV | C66: =$H$293 -> 0.00027126736 | D66: =$H$291 -> 0.0028633115 | G66: =max(C66:F66) -> 0.0028633115 | H66: =LET(maxtime, MAX(C66:F66), IFS(maxtime=0, "", C66=maxtime, "HBM", D66=maxtime, "Compute", E66=maxtime, "ICI Lt", F66=maxtime, "ICI BW")) -> Compute
A67: MLA | B67: V Up Proj (Weight Absorption) | C67: =H312 -> 0.00128852 | D67: =H310 -> 7.1582788e-05 | G67: =IF(K67,max(C67:F67), max(C67:D67)+max(E67:F67)) -> 0.00128852 | H67: =LET(maxtime, MAX(C67:F67), IFS(maxtime=0, "", C67=maxtime, "HBM", D67=maxtime, "Compute", E67=maxtime, "ICI Lt", F67=maxtime, "ICI BW")) -> HBM | J67: =G67/$G$74 -> 0.0059981451 | K67: TRUE
A68: MLA | B68: AllGather | F68: =$G$327 -> 0 | G68: =IF(K68,max(C68:F68), max(C68:D68)+max(E68:F68)) -> 0 | H68: =LET(maxtime, MAX(C68:F68), IFS(maxtime=0, "", C68=maxtime, "HBM", D68=maxtime, "Compute", E68=maxtime, "ICI Lt", F68=maxtime, "ICI BW")) | J68: =G68/$G$74 -> 0
A69: MLA | B69: O Proj | C69: =H354 -> 0.015254551 | D69: =H352 -> 0.001002159 | F69: =$H$349 -> 0 | G69: =IF(K69,max(C69:F69), max(C69:D69)+max(E69:F69)) -> 0.015254551 | H69: =LET(maxtime, MAX(C69:F69), IFS(maxtime=0, "", C69=maxtime, "HBM", D69=maxtime, "Compute", E69=maxtime, "ICI Lt", F69=maxtime, "ICI BW")) -> HBM | J69: =G69/$G$74 -> 0.071010935 | K69: TRUE
A70: MoE | B70: Dispatch | E70: =$H$406 -> 0 | F70: =$H$404 -> N/A | G70: =IF(K70,max(C70:F70), max(C70:D70)+max(E70:F70)) -> 0 | H70: =LET(maxtime, MAX(C70:F70), IFS(maxtime=0, "", C70=maxtime, "HBM", D70=maxtime, "Compute", E70=maxtime, "ICI Lt", F70=maxtime, "ICI BW")) | J70: =G70/$G$74 -> 0
A71: MoE | B71: Gating x 2 + Act | C71: =$H$454 -> 0.12207031 | D71: =$H$452 -> 0.0020043181 | F71: =$H$444 -> 0 | G71: =IF(K71,max(C71:F71), max(C71:D71)+max(E71:F71)) -> 0.12207031 | H71: =LET(maxtime, MAX(C71:F71), IFS(maxtime=0, "", C71=maxtime, "HBM", D71=maxtime, "Compute", E71=maxtime, "ICI Lt", F71=maxtime, "ICI BW")) -> HBM | J71: =G71/$G$74 -> 0.56824533 | K71: TRUE
A72: MoE | B72: Linear | C72: =$H$490 -> 0.061747233 | D72: =$H$488 -> 0.001002159 | F72: =$H$479 -> 0 | G72: =IF(K72,max(C72:F72), max(C72:D72)+max(E72:F72)) -> 0.061747233 | H72: =LET(maxtime, MAX(C72:F72), IFS(maxtime=0, "", C72=maxtime, "HBM", D72=maxtime, "Compute", E72=maxtime, "ICI Lt", F72=maxtime, "ICI BW")) -> HBM | J72: =G72/$G$74 -> 0.28743743 | K72: TRUE
A73: MoE | B73: Collect | E73: =$H$538 -> 0 | F73: =$H$536 -> N/A | G73: =IF(K73,max(C73:F73), max(C73:D73)+max(E73:F73)) -> 0 | H73: =LET(maxtime, MAX(C73:F73), IFS(maxtime=0, "", C73=maxtime, "HBM", D73=maxtime, "Compute", E73=maxtime, "ICI Lt", F73=maxtime, "ICI BW")) | J73: =G73/$G$74 -> 0
E74: Overlapping Strategy | F74: OptionA. No Overlapping | G74: =SUM(G57:G63,G67:G73) -> 0.21481974 | J74: =G74/$G$74 -> 1
F75: OptionB. Overlapping Expert Collectives | G75: =SUM(G57:G63,G67:G69)+MAX(G70:G71)+MAX(G72:G73) -> 0.21481974
A76: TOTAL | E76: Selected Strategy | F76: ='Config and Summary'!C24 -> OptionA. No Overlapping | G76: =IF(F76=F74,G74,G75) -> 0.21481974
A79: 💾 Memory Occupancy | E79: 🔍 Detailed Op Analysis 1 - MLA (Multi-head Latent Attention)
A80: Key | B80: Value | C80: Notes | E80: Operation | F80: Details | I80: Dimensions | O80: dtype | P80: Size(MiB) | Q80: VMEM Prefetched /Pinned
A81: Attention Weights, Global (GiB) | B81: =SUM(P90,P147,P174,P193,P299,P333) * PARAMS("L") / 1024 -> 10.629578 | E81: 0. Activation Before Attention Layer | F81: Activation Tensor | H81: Dimension Name | I81: ( | K81: B | L81: T | M81: D | N81: ) | O81: fp8
A82: MoE Weights, Global (GiB) | B82: =SUM($P$362,$P$460) * PARAMS("L") / 1024 -> 213.7085 | H82: Global Shape | I82: ( | K82: =PARAMS(K81) -> 128 | L82: =PARAMS(L81) -> 1 | M82: =PARAMS(M81) -> 7168 | N82: ) | P82: =SIZEOF_IN_MIB(J82:M82, $O81) -> 0.875
A83: Other Weights, Global (GiB) | H83: Sharding | I83: ( | K83: data,model | N83: )
A84: KV Cache Size, Global (GiB) | B84: =SIZEOF_IN_MIB(PARAMS("B")*PARAMS("S")*PARAMS("L")*(PARAMS("c_kv")+PARAMS("h_rope")), PARAMS("kv_dtype"))/1024 -> 10.722656 | H84: Local Shape (per-core) | I84: ( | K84: =K82/SHARDING(K83) -> 16 | L84: =L82/SHARDING(L83) -> 1 | M84: =M82/SHARDING(M83) -> 7168 | N84: ) | P84: =SIZEOF_IN_MIB(J84:M84, $O81) -> 0.109375
A85: Intermediate Activation Tensors, Global (GiB) | B85: =MAX(P90,P109,P139,P166,P185,P204,P253,P272,P291,P307,P369,P419,P504,P524)/1024 -> 0.010253906 | E85: 1. Q Down Proj | F85: LHS | H85: Dimension Name | I85: ( | K85: B | L85: T | M85: D | N85: ) | O85: =EXTRACT_ACTIVATION_DTYPE(PARAMS("attn_proj_dtype")) -> fp8 | Q85: FALSE
A86: TOTAL (Global) | B86: =SUM(B81:B84) -> 235.06073 | C86: ="<=" & ($H$28 * PARAMS("num_devices")) & " (Capacity)?" -> <=1432 (Capacity)? | H86: Global Shape | I86: ( | K86: =PARAMS(K85) -> 128 | L86: =PARAMS(L85) -> 1 | M86: =PARAMS(M85) -> 7168 | N86: ) | P86: =SIZEOF_IN_MIB(J86:M86, $O85) -> 0.875
H87: Sharding | I87: ( | K87: data,model | N87: )
A88: Attention Weights, Local (GiB) | B88: =SUM(P92,P149,P176,P195,P301,P335) * PARAMS("L") / 1024 -> 10.629578 | H88: Local Shape (per-core) | I88: ( | K88: =K86/SHARDING(K87) -> 16 | L88: =L86/SHARDING(L87) -> 1 | M88: =M86/SHARDING(M87) -> 7168 | N88: ) | P88: =SIZEOF_IN_MIB(J88:M88, $O85) -> 0.109375
A89: MoE Weights, Local (GiB) | B89: =SUM(P414,P462) * PARAMS("L") / 1024 -> 80.0625 | F89: RHS | H89: Dimension Name | I89: ( | L89: D | M89: c_q | N89: ) | O89: =EXTRACT_WEIGHT_DTYPE(PARAMS("attn_proj_dtype")) -> fp8 | Q89: FALSE
A90: Other Weights, Global (GiB) | H90: Global Shape | I90: ( | L90: =PARAMS(L89) -> 7168 | M90: =PARAMS(M89) -> 1536 | N90: ) | P90: =SIZEOF_IN_MIB(J90:M90, $O89) -> 10.5
A91: KV Cache Size, Local (GiB) | B91: =B84/PARAMS("num_devices") -> 1.340332 | H91: Sharding | I91: ( | N91: )
A92: Intermediate Activation Tensors, Local (GiB) | B92: =MAX(P92,P111,P141,P168,P187,P206,P255,P274,P293,P309,P371,P421,P506,P526)/1024 -> 0.010253906 | H92: Local Shape (per-core) | I92: ( | L92: =L90/SHARDING(L91) -> 7168 | M92: =M90/SHARDING(M91) -> 1536 | N92: ) | P92: =SIZEOF_IN_MIB(J92:M92, $O89) -> 10.5
A93: TOTAL (Local) | B93: =SUM(B88:B91) -> 92.03241 | C93: ="<=" & ($H$28) & " (Capacity)?" -> <=179 (Capacity)? | F93: Output | H93: Dimension Name | I93: ( | K93: B | L93: T | M93: c_q | N93: ) | O93: bf16 | Q93: FALSE
A94: Memory Occupancy OK | B94: =if(B93 <= HW_SPEC("Per-Core HBM Capacity (GiB)"), TRUE, FALSE) -> TRUE | H94: Global Shape | I94: ( | K94: =PARAMS(K93) -> 128 | L94: =PARAMS(L93) -> 1 | M94: =PARAMS(M93) -> 1536 | N94: ) | P94: =SIZEOF_IN_MIB(K94:M94, $O93) -> 0.375
H95: Sharding | I95: ( | K95: data,model | N95: )
H96: Local Shape (per-core) | I96: ( | K96: =K94/SHARDING(K95) -> 16 | L96: =L94/SHARDING(L95) -> 1 | M96: =M94/SHARDING(M95) -> 1536 | N96: ) | P96: =SIZEOF_IN_MIB(K96:M96, $O93) -> 0.046875
B97: =B93/96 -> 0.95867093 | F97: Pre-operation Collectives | G97: Transferring Tensor | H97: Dimension Name | I97: ( | J97: {=J81:M84} | K97: B | L97: T | M97: D | N97: ) | O97: =O85 -> fp8
H98: Global Shape | I98: ( | K98: 128 | L98: 1 | M98: 7168 | N98: ) | P98: =SIZEOF_IN_MIB(J98:M98, O97) -> 0.875
H99: Source Sharding | I99: ( | K99: data,model | N99: )
H100: Source Local Shape (per-core) | I100: ( | K100: 16 | L100: 1 | M100: 7168 | N100: ) | P100: =SIZEOF_IN_MIB(J100:M100, O97) -> 0.109375
H101: Target Sharding | I101: ( | N101: )
G102: Strategy A: All-Gather Tokens with no chiplet involved
G103: # of devices involved | H103: =SHARDING(K99)*SHARDING(L99)*SHARDING(M99) -> 8
G104: Per-device: Data transferred from a device (MiB) | H104: =P100 * (H103-1) -> 0.765625
G105: Global Traffic Size (MiB) | H105: =H104*H103 -> 6.125
G106: # of Links involved | H106: =IFS(H103=8,12, H103=4,4, H103=2,1, H103=1,0, TRUE,NA()) -> 12
...

Sheet Prefill
A1: Contact: donghyun@, gpolovets@, miliu@. Feedback/Bug reports are welcome!
A2: Description | B2: Symbol | C2: Value | F2: Sharding (Axis Name) | G2: # of Devices | H2: Notes | Q2: Size In Bytes | T2: MXU dtype
A3: Embedding Dimension | B3: D | C3: 7168 | F3: [ ↓ Configurable Values] | Q3: fp4 | R3: 0.5 | T3: =U3&","&V3 -> fp4,fp4 | U3: fp4 | V3: fp4 | W3: fp4
A4: Expert Hidden Dimension | B4: F | C4: 4096 | F4: model | G4: ='Config and Summary'!$D8 -> 1 | Q4: fp8 | R4: 1 | T4: =U4&","&V4 -> fp4,fp8 | U4: fp4 | V4: fp8 | W4: fp8
A5: # of experts | B5: E | C5: 128 | F5: data | G5: ='Config and Summary'!$D9 -> 8 | H5: Also used for expert sharding for MoE | Q5: bf16 | R5: 2 | T5: =U5&","&V5 -> fp4,bf16 | U5: fp4 | V5: bf16 | W5: bf16
A6: # of Layers | B6: L | C6: 61 | F6: seq | G6: ='Config and Summary'!$D10 -> 1 | T6: =U6&","&V6 -> fp8,fp4 | U6: fp8 | V6: fp4 | W6: fp8
A7: # of Dense Layers | B7: DL | C7: 3 | F7: attn_model | G7: ='Config and Summary'!$D11 -> 1 | H7: Used if attention is replicated | T7: =U7&","&V7 -> fp8,fp8 | U7: fp8 | V7: fp8 | W7: fp8
A8: # of experts to be activated per token | B8: top_k | C8: 4 | F8: [ ↓ Derived Values]
A9: The dimension of the compressed latent vector for Query | B9: c_q | C9: 1536 | F9: data,model | G9: =G5*G4 -> 8 | T9: =U9&","&V9 -> fp8,bf16 | U9: fp8 | V9: bf16 | W9: bf16
A10: The dimension of the compressed latent vector for KV | B10: c_kv | C10: 512 | F10: Total # of devices | G10: =PRODUCT(G3:G6) -> 8 | T10: =U10&","&V10 -> bf16,fp4 | U10: bf16 | V10: fp4 | W10: bf16
A11: The dimension of Non-RoPE part of the query head | B11: h_nope | C11: 128 | F11: Total # of chips | G11: =$G$10/$H$18 -> 8 | T11: =U11&","&V11 -> bf16,fp8 | U11: bf16 | V11: fp8 | W11: bf16
A12: The dimension of the RoPE part of the query head | B12: h_rope | C12: 64 | T12: bf16,bf16 | U12: bf16 | V12: bf16 | W12: bf16
A13: The number of Attention Heads (Query) | B13: n_q | C13: 128
A14: [ ↓ Derived parameters]
A15: h_nope+h_rope | B15: h_nope+h_rope | C15: =$C$11+$C$12 -> 192
A16: c_kv+h_rope | B16: c_kv+h_rope | C16: =$C$10+$C$12 -> 576
A17: # of Duplicated tokens (top_k times) | B17: kT | C17: =C8*$C$25 -> 8192 | F17: Hardware Spec | H17: ='Config and Summary'!D4 -> GB200 Derated
A18: # of Devices | B18: num_devices | C18: =$G$10 -> 8 | F18: {=DB!A2:A16} -> # of TensorCore per Chip | H18: {=xlookup($H$17,DB!1:1,DB!2:16)} -> 1
A19: # of Chips | B19: num_chips | C19: =$G$11 -> 8 | F19: Per-Chip HBM-BW (GB/s) | H19: 7200
A20: [TPU] Assumed Topology | B20: topo | C20: =vlookup(C19, DB!$A$26:$F$31, 5, False) -> 2x2x2 | F20: Per-Chip TFLOPS (fp4) | H20: 7500
A21: [TPU] Total # of Bidir Links | B21: num_links_in_topo | C21: =vlookup(C19, DB!$A$26:$F$31, 6, False) -> 12 | F21: Per-Chip TFLOPS (fp8) | H21: 3750
F22: Per-Chip TFLOPS (fp16) | H22: 1875
A23: [ ↓ Configurable parameters] | F23: Per-Chip HBM Capacity (GiB) | H23: 179
A24: Regime | B24: R | C24: Prefill | F24: Per-Core HBM-BW (GB/s) | H24: 7200
A25: Sequence Length (Q) | B25: T | C25: ='Config and Summary'!D14 -> 2048 | F25: Per-Core TFLOPS (fp4) | H25: 7500
A26: Batch Size (power of 2) | B26: B | C26: ='Config and Summary'!D15 -> 8 | F26: Per-Core TFLOPS (fp8) | H26: 3750
A27: Sequence Length (KV) | B27: S | C27: ='Config and Summary'!D16 -> 2048 | F27: Per-Core TFLOPS (bf16) | H27: 1875
A28: Scheduler Latency Overhead | C28: ='Config and Summary'!D18 -> 0 | F28: Per-Core HBM Capacity (GiB) | H28: 179
A29: Roofline Discount Rate | C29: ='Config and Summary'!D19 -> 1 | F29: Core-to-Core ICI Bandwidth (uni, GB/s) | H29: 900
A30: Flash Attention Enabled | B30: flash_attn | C30: ='Config and Summary'!D20 -> TRUE | F30: Chip-to-Chip ICI Bandwidth (uni, GB/s) | H30: 900
A31: Enforce Perfect Expert Routing | B31: enforce_perfect_expert_routing | C31: ='Config and Summary'!D21 -> TRUE | F31: Chip-to-Chip ICI Latency (ms) | H31: 0
A32: [ ↓ Configurable Numeric] | F32: Min MXU Contracting Dim | H32: 1
A33: KV Cache dtype | B33: kv_dtype | C33: ='Config and Summary'!D27 -> fp8
A34: Attention Projections Numeric | B34: attn_proj_dtype | C34: ='Config and Summary'!D28 -> w8a8
A35: Attention Output Projection Numerics | B35: attn_oproj_dtype | C35: ='Config and Summary'!D29 -> w8a8
A36: Attention "K" numeric from KV | B36: attn_kv_k_dtype | C36: ='Config and Summary'!D30 -> bf16
A37: Attention "A" numeric from AV | B37: attn_av_a_dtype | C37: ='Config and Summary'!D31 -> bf16
A38: Expert Dispatch Numeric | B38: expert_dispatch_dtype | C38: ='Config and Summary'!D32 -> fp8
A39: MoE Numeric | B39: moe_dtype | C39: ='Config and Summary'!D33 -> w8a8
A40: Expert Collect Numeric | B40: expert_collect_dtype | C40: ='Config and Summary'!D34 -> bf16
A42: Use Measured NCCL Lookup Table | B42: use_nccl_lookup | C42: ='Config and Summary'!D5 -> TRUE
A44: 💡Top Line Metrics
A45: Metric Name | B45: ="Value (" & H17 & ")" -> Value (GB200 Derated)
A46: # of Tokens | B46: =$C26*$C25 -> 16384
A47: # Devices | B47: =G10 -> 8
A48: E2E Latency (s) | B48: =$G$76/1000 * $C$6 -> 0.080493112
A49: Throughput (tokens/s) | B49: =$B$46/$B$48 -> 203545.37
A50: Discounted Throughput (tokens/s) | B50: =B46/(B48*(1+C28))*C29 -> 203545.37
A51: Throughput (tokens/s/chip) | B51: =B50/$G$11 -> 25443.171
A55: ⚡Roofline Summary
A56: Category | B56: Op Name | C56: Memory Time (ms) | D56: Compute Time (ms) | E56: ICI Latency Time (ms) | F56: ICI BW Time (ms) | G56: Roofline Time (ms) | H56: Boundness | J56: % Sum | K56: ICI Overlap?
A57: MLA | B57: Q Down Proj | C57: =$H$141 -> 0.0041368273 | D57: =$H$139 -> 0.012025908 | E57: =$H$136 -> 0 | F57: =H134 -> 0 | G57: =IF(K57,max(C57:F57), max(C57:D57)+max(E57:F57)) -> 0.012025908 | H57: =LET(maxtime, MAX(C57:F57), IFS(maxtime=0, "", C57=maxtime, "HBM", D57=maxtime, "Compute", E57=maxtime, "ICI Lt", F57=maxtime, "ICI BW")) -> Compute | J57: =G57/$G$74 -> 0.0091135799 | K57: TRUE
A58: MLA | B58: Q Up Proj | C58: =$H$168 -> 0.018310547 | D58: =$H$166 -> 0.041231686 | F58: =H163 -> 0 | G58: =IF(K58,max(C58:F58), max(C58:D58)+max(E58:F58)) -> 0.041231686 | H58: =LET(maxtime, MAX(C58:F58), IFS(maxtime=0, "", C58=maxtime, "HBM", D58=maxtime, "Compute", E58=maxtime, "ICI Lt", F58=maxtime, "ICI BW")) -> Compute | J58: =G58/$G$74 -> 0.03124656 | K58: TRUE
A59: MLA | B59: Q Proj to K (K weight absoption) | C59: =$H$187 -> 0.040147569 | D59: =$H$185 -> 0.0091625969 | G59: =IF(K59,max(C59:F59), max(C59:D59)+max(E59:F59)) -> 0.040147569 | H59: =LET(maxtime, MAX(C59:F59), IFS(maxtime=0, "", C59=maxtime, "HBM", D59=maxtime, "Compute", E59=maxtime, "ICI Lt", F59=maxtime, "ICI BW")) -> HBM | J59: =G59/$G$74 -> 0.030424985
A60: MLA | B60: KV Down Proj | C60: =$H$206 -> 0.0027381049 | D60: =$H$204 -> 0.0045097157 | G60: =IF(K60,max(C60:F60), max(C60:D60)+max(E60:F60)) -> 0.0045097157 | H60: =LET(maxtime, MAX(C60:F60), IFS(maxtime=0, "", C60=maxtime, "HBM", D60=maxtime, "Compute", E60=maxtime, "ICI Lt", F60=maxtime, "ICI BW")) -> Compute | J60: =G60/$G$74 -> 0.0034175925
A61: MLA | B61: AllGather KV | F61: =$H$236 -> 0 | G61: =IF(K61,max(C61:F61), max(C61:D61)+max(E61:F61)) -> 0 | H61: =LET(maxtime, MAX(C61:F61), IFS(maxtime=0, "", C61=maxtime, "HBM", D61=maxtime, "Compute", E61=maxtime, "ICI Lt", F61=maxtime, "ICI BW")) | J61: =G61/$G$74 -> 0
A62: MLA | B62: FlashAttention | C62: =SUM(C64:C66) -> 0.07393731 | D62: =SUM(D64:D66) -> 0.62305659 | G62: =IF(PARAMS("flash_attn"),MAX(C62:F62),0) -> 0.62305659 | H62: =LET(maxtime, MAX(C62:F62), IFS(maxtime=0, "", C62=maxtime, "HBM", D62=maxtime, "Compute", E62=maxtime, "ICI Lt", F62=maxtime, "ICI BW")) -> Compute | J62: =G62/$G$74 -> 0.47217024
A63: MLA | B63: VanillaAttention | G63: =IF(PARAMS("flash_attn"),0,SUM(G64:G66)) -> 0 | H63: =LET(maxtime, MAX(C63:F63), IFS(maxtime=0, "", C63=maxtime, "HBM", D63=maxtime, "Compute", E63=maxtime, "ICI Lt", F63=maxtime, "ICI BW")) | J63: =G63/$G$74 -> 0
A64: MLA | B64: |- QK (nope) | C64: =$H$255 -> 0.034857856 | D64: =$H$253 -> 0.2932031 | G64: =max(C64:F64) -> 0.2932031 | H64: =LET(maxtime, MAX(C64:F64), IFS(maxtime=0, "", C64=maxtime, "HBM", D64=maxtime, "Compute", E64=maxtime, "ICI Lt", F64=maxtime, "ICI BW")) -> Compute
A65: MLA | B65: |- QK (rope) | C65: =$H$274 -> 0.004357232 | D65: =$H$272 -> 0.036650388 | G65: =max(C65:F65) -> 0.036650388 | H65: =LET(maxtime, MAX(C65:F65), IFS(maxtime=0, "", C65=maxtime, "HBM", D65=maxtime, "Compute", E65=maxtime, "ICI Lt", F65=maxtime, "ICI BW")) -> Compute
A66: MLA | B66: |- AV | C66: =$H$293 -> 0.034722222 | D66: =$H$291 -> 0.2932031 | G66: =max(C66:F66) -> 0.2932031 | H66: =LET(maxtime, MAX(C66:F66), IFS(maxtime=0, "", C66=maxtime, "HBM", D66=maxtime, "Compute", E66=maxtime, "ICI Lt", F66=maxtime, "ICI BW")) -> Compute
A67: MLA | B67: V Up Proj (Weight Absorption) | C67: =H312 -> 0.027126736 | D67: =H310 -> 0.0091625969 | G67: =IF(K67,max(C67:F67), max(C67:D67)+max(E67:F67)) -> 0.027126736 | H67: =LET(maxtime, MAX(C67:F67), IFS(maxtime=0, "", C67=maxtime, "HBM", D67=maxtime, "Compute", E67=maxtime, "ICI Lt", F67=maxtime, "ICI BW")) -> HBM | J67: =G67/$G$74 -> 0.020557422 | K67: TRUE
A68: MLA | B68: AllGather | F68: =$G$327 -> 0 | G68: =IF(K68,max(C68:F68), max(C68:D68)+max(E68:F68)) -> 0 | H68: =LET(maxtime, MAX(C68:F68), IFS(maxtime=0, "", C68=maxtime, "HBM", D68=maxtime, "Compute", E68=maxtime, "ICI Lt", F68=maxtime, "ICI BW")) | J68: =G68/$G$74 -> 0
A69: MLA | B69: O Proj | C69: =H354 -> 0.023328993 | D69: =H352 -> 0.12827636 | F69: =$H$349 -> 0 | G69: =IF(K69,max(C69:F69), max(C69:D69)+max(E69:F69)) -> 0.12827636 | H69: =LET(maxtime, MAX(C69:F69), IFS(maxtime=0, "", C69=maxtime, "HBM", D69=maxtime, "Compute", E69=maxtime, "ICI Lt", F69=maxtime, "ICI BW")) -> Compute | J69: =G69/$G$74 -> 0.097211519 | K69: TRUE
A70: MoE | B70: Dispatch | E70: =$H$406 -> 0 | F70: =$H$404 -> N/A | G70: =IF(K70,max(C70:F70), max(C70:D70)+max(E70:F70)) -> 0 | H70: =LET(maxtime, MAX(C70:F70), IFS(maxtime=0, "", C70=maxtime, "HBM", D70=maxtime, "Compute", E70=maxtime, "ICI Lt", F70=maxtime, "ICI BW")) | J70: =G70/$G$74 -> 0
A71: MoE | B71: Gating x 2 + Act | C71: =$H$454 -> 0.19097222 | D71: =$H$452 -> 0.25655271 | F71: =$H$444 -> 0 | G71: =IF(K71,max(C71:F71), max(C71:D71)+max(E71:F71)) -> 0.25655271 | H71: =LET(maxtime, MAX(C71:F71), IFS(maxtime=0, "", C71=maxtime, "HBM", D71=maxtime, "Compute", E71=maxtime, "ICI Lt", F71=maxtime, "ICI BW")) -> Compute | J71: =G71/$G$74 -> 0.19442304 | K71: TRUE
A72: MoE | B72: Linear | C72: =$H$490 -> 0.18663194 | D72: =$H$488 -> 0.12827636 | F72: =$H$479 -> 0 | G72: =IF(K72,max(C72:F72), max(C72:D72)+max(E72:F72)) -> 0.18663194 | H72: =LET(maxtime, MAX(C72:F72), IFS(maxtime=0, "", C72=maxtime, "HBM", D72=maxtime, "Compute", E72=maxtime, "ICI Lt", F72=maxtime, "ICI BW")) -> HBM | J72: =G72/$G$74 -> 0.14143507 | K72: TRUE
A73: MoE | B73: Collect | E73: =$H$538 -> 0 | F73: =$H$536 -> N/A | G73: =IF(K73,max(C73:F73), max(C73:D73)+max(E73:F73)) -> 0 | H73: =LET(maxtime, MAX(C73:F73), IFS(maxtime=0, "", C73=maxtime, "HBM", D73=maxtime, "Compute", E73=maxtime, "ICI Lt", F73=maxtime, "ICI BW")) | J73: =G73/$G$74 -> 0
E74: Overlapping Strategy | F74: OptionA. No Overlapping | G74: =SUM(G57:G63,G67:G73) -> 1.3195592 | J74: =G74/$G$74 -> 1
F75: OptionB. Overlapping Expert Collectives | G75: =SUM(G57:G63,G67:G69)+MAX(G70:G71)+MAX(G72:G73) -> 1.3195592
A76: TOTAL | E76: Selected Strategy | F76: ='Config and Summary'!D24 -> OptionA. No Overlapping | G76: =IF(F76=F74,G74,G75) -> 1.3195592
A79: 💾 Memory Occupancy | E79: 🔍 Detailed Op Analysis 1 - MLA (Multi-head Latent Attention)
A80: Key | B80: Value | C80: Notes | E80: Operation | F80: Details | I80: Dimensions | O80: dtype | P80: Size(MiB) | Q80: VMEM Prefetched /Pinned
A81: Attention Weights, Global (GiB) | B81: =SUM(P90,P147,P174,P193,P299,P333) * PARAMS("L") / 1024 -> 10.629578 | E81: 0. Activation Before Attention Layer | F81: Activation Tensor | H81: Dimension Name | I81: ( | K81: B | L81: T | M81: D | N81: ) | O81: fp8
A82: MoE Weights, Global (GiB) | B82: =SUM($P$362,$P$460) * PARAMS("L") / 1024 -> 240.1875 | H82: Global Shape | I82: ( | K82: =PARAMS(K81) -> 8 | L82: =PARAMS(L81) -> 2048 | M82: =PARAMS(M81) -> 7168 | N82: ) | P82: =SIZEOF_IN_MIB(J82:M82, $O81) -> 112
A83: Other Weights, Global (GiB) | H83: Sharding | I83: ( | K83: data,model | N83: )
A84: KV Cache Size, Global (GiB) | B84: =SIZEOF_IN_MIB(PARAMS("B")*PARAMS("S")*PARAMS("L")*(PARAMS("c_kv")+PARAMS("h_rope")), PARAMS("kv_dtype"))/1024 -> 0.53613281 | H84: Local Shape (per-core) | I84: ( | K84: =K82/SHARDING(K83) -> 1 | L84: =L82/SHARDING(L83) -> 2048 | M84: =M82/SHARDING(M83) -> 7168 | N84: ) | P84: =SIZEOF_IN_MIB(J84:M84, $O81) -> 14
A85: Intermediate Activation Tensors, Global (GiB) | B85: =MAX(P90,P109,P139,P166,P185,P204,P253,P272,P291,P307,P369,P419,P504,P524)/1024 -> 0.010253906 | E85: 1. Q Down Proj | F85: LHS | H85: Dimension Name | I85: ( | K85: B | L85: T | M85: D | N85: ) | O85: =EXTRACT_ACTIVATION_DTYPE(PARAMS("attn_proj_dtype")) -> fp8 | Q85: FALSE
A86: TOTAL (Global) | B86: =SUM(B81:B84) -> 251.35321 | C86: ="<=" & ($H$28 * PARAMS("num_devices")) & " (Capacity)?" -> <=1432 (Capacity)? | H86: Global Shape | I86: ( | K86: =PARAMS(K85) -> 8 | L86: =PARAMS(L85) -> 2048 | M86: =PARAMS(M85) -> 7168 | N86: ) | P86: =SIZEOF_IN_MIB(J86:M86, $O85) -> 112
H87: Sharding | I87: ( | K87: data,model | N87: )
A88: Attention Weights, Local (GiB) | B88: =SUM(P92,P149,P176,P195,P301,P335) * PARAMS("L") / 1024 -> 10.629578 | H88: Local Shape (per-core) | I88: ( | K88: =K86/SHARDING(K87) -> 1 | L88: =L86/SHARDING(L87) -> 2048 | M88: =M86/SHARDING(M87) -> 7168 | N88: ) | P88: =SIZEOF_IN_MIB(J88:M88, $O85) -> 14
A89: MoE Weights, Local (GiB) | B89: =SUM(P414,P462) * PARAMS("L") / 1024 -> 80.0625 | F89: RHS | H89: Dimension Name | I89: ( | L89: D | M89: c_q | N89: ) | O89: =EXTRACT_WEIGHT_DTYPE(PARAMS("attn_proj_dtype")) -> fp8 | Q89: FALSE
A90: Other Weights, Global (GiB) | H90: Global Shape | I90: ( | L90: =PARAMS(L89) -> 7168 | M90: =PARAMS(M89) -> 1536 | N90: ) | P90: =SIZEOF_IN_MIB(J90:M90, $O89) -> 10.5
A91: KV Cache Size, Local (GiB) | B91: =B84/PARAMS("num_devices") -> 0.067016602 | H91: Sharding | I91: ( | N91: )
A92: Intermediate Activation Tensors, Local (GiB) | B92: =MAX(P92,P111,P141,P168,P187,P206,P255,P274,P293,P309,P371,P421,P506,P526)/1024 -> 0.010253906 | H92: Local Shape (per-core) | I92: ( | L92: =L90/SHARDING(L91) -> 7168 | M92: =M90/SHARDING(M91) -> 1536 | N92: ) | P92: =SIZEOF_IN_MIB(J92:M92, $O89) -> 10.5
A93: TOTAL (Local) | B93: =SUM(B88:B91) -> 90.759094 | C93: ="<=" & ($H$28) & " (Capacity)?" -> <=179 (Capacity)? | F93: Output | H93: Dimension Name | I93: ( | K93: B | L93: T | M93: c_q | N93: ) | O93: bf16 | Q93: FALSE
A94: Memory Occupancy OK | B94: =if(B93 <= HW_SPEC("Per-Core HBM Capacity (GiB)"), TRUE, FALSE) -> TRUE | H94: Global Shape | I94: ( | K94: =PARAMS(K93) -> 8 | L94: =PARAMS(L93) -> 2048 | M94: =PARAMS(M93) -> 1536 | N94: ) | P94: =SIZEOF_IN_MIB(K94:M94, $O93) -> 48
H95: Sharding | I95: ( | K95: data,model | N95: )
H96: Local Shape (per-core) | I96: ( | K96: =K94/SHARDING(K95) -> 1 | L96: =L94/SHARDING(L95) -> 2048 | M96: =M94/SHARDING(M95) -> 1536 | N96: ) | P96: =SIZEOF_IN_MIB(K96:M96, $O93) -> 6
F97: Pre-operation Collectives | G97: Transferring Tensor | H97: Dimension Name | I97: ( | J97: {=J81:M84} | K97: B | L97: T | M97: D | N97: ) | O97: =O85 -> fp8
H98: Global Shape | I98: ( | K98: 8 | L98: 2048 | M98: 7168 | N98: ) | P98: =SIZEOF_IN_MIB(J98:M98, O97) -> 112
H99: Source Sharding | I99: ( | K99: data,model | N99: )
H100: Source Local Shape (per-core) | I100: ( | K100: 1 | L100: 2048 | M100: 7168 | N100: ) | P100: =SIZEOF_IN_MIB(J100:M100, O97) -> 14
H101: Target Sharding | I101: ( | N101: )
G102: Strategy A: All-Gather Tokens with no chiplet involved
G103: # of devices involved | H103: =SHARDING(K99)*SHARDING(L99)*SHARDING(M99) -> 8
G104: Per-device: Data transferred from a device (MiB) | H104: =P100 * (H103-1) -> 98
G105: Global Traffic Size (MiB) | H105: =H104*H103 -> 784
G106: # of Links involved | H106: =IFS(H103=8,12, H103=4,4, H103=2,1, H103=1,0, TRUE,NA()) -> 12
G107: # of Chiplets sharing links | H107: 1
...

Sheet moved to gomistral-ironwood-wor
A1: Description | B1: Date | C1: bs | D1: server | E1: note | F1: metric output at 128 concurrency | H1: log | I1: tok/s/chip | J1: Mean ITL (ms): | K1: prefill time (ms) | L1: decode time (ms) | M1: bucket | N1: decode only xprof | O1: prefill only xprof | P1: plot
A2: fp AG, compiliation sizeTP | D2: --model /mnt/data/hf/hub/models--mistralai--Mistral-Large-3-675B-Instruct-2512/snapshots/5bb3d32a0a147594527f38cb136a8390eaa82222 --max-model-len 32768 --max-num-batched-tokens 2048 --max-num-seqs 8 --no-enable-prefix-caching --tensor-parallel-size 16 --kv-cache-dtype "fp8" --no-async-scheduling --gpu-memory-utilization 0.90 --additional_config='{"compilation_sizes": [128], "sharding": {"sharding_strategy": {"enable_dp_attention": true}}}' --trust-remote-code --port 8000 2>&1 | tee /workspace/tpu_inference/server_run.log | M2: 2026_05_29_05_42_08/ | N2: http://xprof.corp.google.com/trace_viewer/amandaliang-15542864136305965940 | O2: http://xprof.corp.google.com/trace_viewer/amandaliang-2433963231091211163
A3: fp AG, compiliation sizeTPTPcap w2 block size | F3: Successful requests: 1024 Failed requests: 0 Maximum request concurrency: 128 Benchmark duration (s): 332.34 Total input tokens: 2097154 Total generated tokens: 524288 Request throughput (req/s): 3.08 Output token throughput (tok/s): 1577.54 Peak output token throughput (tok/s): 2816.00 Peak concurrent requests: 160.00 Total token throughput (tok/s): 7887.72 ---------------Time to First Token---------------- Mean TTFT (ms): 4457.28 Median TTFT (ms): 3890.57 P99 TTFT (ms): 11773.39 -----Time per Output Token (excl. 1st token)------ Mean TPOT (ms): 68.72 Median TPOT (ms): 67.07 P99 TPOT (ms): 76.58 ---------------Inter-token Latency---------------- Mean ITL (ms): 68.72 Median ITL (ms): 47.20 P99 ITL (ms): 1289.25 ================================================== | I3: =1577.54/8 -> 197.1925 | J3: 68.72 | M3: 2026_05_30_23_07_12/ | N3: http://xprof.corp.google.com/trace_viewer/amandaliang-10442911076544866585 | O3: http://xprof.corp.google.com/trace_viewer/amandaliang-2010731920219961902
A4: =A3 & "fp8 QAG" -> fp AG, compiliation sizeTPTPcap w2 block sizefp8 QAG | M4: 2026_05_31_18_26_41/ | N4: http://xprof.corp.google.com/trace_viewer/amandaliang-10769352853172664673 | O4: http://xprof.corp.google.com/trace_viewer/amandaliang-13858822037780685389
A5: =A4 & " force sc gather" -> fp AG, compiliation sizeTPTPcap w2 block sizefp8 QAG force sc gather | E5: indeed it is slower than dense gather & reduce | M5: 2026_05_31_23_31_44/ | N5: https://xprof.corp.google.com/trace_viewer/amandaliang-6082202138384786625 | O5: https://xprof.corp.google.com/trace_viewer/amandaliang-17487622945553212185?use_trace_viewer_v2=false&show_hats_survey=true&view_start=2947.278&view_end=3025.829
A6: =A5 & " tiling" -> fp AG, compiliation sizeTPTPcap w2 block sizefp8 QAG force sc gather tiling | F6: Successful requests: 1024 Failed requests: 0 Maximum request concurrency: 128 Benchmark duration (s): 330.29 Total input tokens: 2097154 Total generated tokens: 524288 Request throughput (req/s): 3.10 Output token throughput (tok/s): 1587.35 Peak output token throughput (tok/s): 2688.00 Peak concurrent requests: 144.00 Total token throughput (tok/s): 7936.77 ---------------Time to First Token---------------- Mean TTFT (ms): 4169.59 Median TTFT (ms): 3591.18 P99 TTFT (ms): 10905.41 -----Time per Output Token (excl. 1st token)------ Mean TPOT (ms): 68.77 Median TPOT (ms): 67.21 P99 TPOT (ms): 76.17 ---------------Inter-token Latency---------------- Mean ITL (ms): 68.77 Median ITL (ms): 48.72 P99 ITL (ms): 1195.96 ================================================== | I6: =1587.35/8 -> 198.41875 | J6: 68.77 | K6: 19.7 | L6: 0.613 | M6: 2026_06_02_02_57_54/ | N6: http://xprof.corp.google.com/trace_viewer/amandaliang-6916777519404750625 | O6: http://xprof.corp.google.com/trace_viewer/amandaliang-4757591059961737963
A7: use 2560 as the max model len | F7: Successful requests: 1022 Failed requests: 2 Maximum request concurrency: 128 Benchmark duration (s): 291.06 Total input tokens: 2093056 Total generated tokens: 523264 Request throughput (req/s): 3.51 Output token throughput (tok/s): 1797.77 Peak output token throughput (tok/s): 2816.00 Peak concurrent requests: 160.00 Total token throughput (tok/s): 8988.87 ---------------Time to First Token---------------- Mean TTFT (ms): 3863.75 Median TTFT (ms): 3396.87 P99 TTFT (ms): 12403.74 -----Time per Output Token (excl. 1st token)------ Mean TPOT (ms): 63.46 Median TPOT (ms): 65.00 P99 TPOT (ms): 67.59 ---------------Inter-token Latency---------------- Mean ITL (ms): 63.46 Median ITL (ms): 47.90 P99 ITL (ms): 1130.89 | H7: /mnt/disks/persist/server_run_2026_06_04_19_10_38.log | I7: =1798/8 -> 224.75 | M7: gs://mlperf-exp-europe-w/amandaliang/mistral/max-num-batched-tokens-2048/2026_06_05_02_10_31/ | N7: http://xprof.corp.google.com/trace_viewer/amandaliang-11267132432707450113 | O7: http://xprof.corp.google.com/trace_viewer/amandaliang-14196367305023388449
A8: =A7 & " max-num-batched-tokens=1024" -> use 2560 as the max model len max-num-batched-tokens=1024 | E8: half the bs just l inearly reduces the step time. The bottlenecks is still the same. also B*T=1024, which might not be what we want. we want it to be 2048 | F8: Successful requests: 1021 Failed requests: 3 Maximum request concurrency: 128 Benchmark duration (s): 277.68 Total input tokens: 2091008 Total generated tokens: 522752 Request throughput (req/s): 3.68 Output token throughput (tok/s): 1882.56 Peak output token throughput (tok/s): 2741.00 Peak concurrent requests: 144.00 Total token throughput (tok/s): 9412.81 ---------------Time to First Token---------------- Mean TTFT (ms): 2795.31 Median TTFT (ms): 2347.74 P99 TTFT (ms): 10080.84 -----Time per Output Token (excl. 1st token)------ Mean TPOT (ms): 62.42 Median TPOT (ms): 63.25 P99 TPOT (ms): 64.60 ---------------Inter-token Latency---------------- Mean ITL (ms): 62.42 Median ITL (ms): 48.34 P99 ITL (ms): 594.69 ================================================== | I8: =1856/8 -> 232 | M8: mlperf-exp-europe-w/amandaliang/mistral/max-num-batched-tokens-1024 | N8: https://xprof.corp.google.com/trace_viewer/amandaliang-3352838730305239785?view_start=169.289&view_end=176.499 | O8: https://xprof.corp.google.com/trace_viewer/amandaliang-8867064484723102296?view_start=2860.938&view_end=2891.973
A9: =A7 & " remove max-num-batched-tokens" -> use 2560 as the max model len remove max-num-batched-tokens | E9: remove | F9: Successful requests: 1021 Failed requests: 3 Maximum request concurrency: 128 Benchmark duration (s): 292.46 Total input tokens: 2091008 Total generated tokens: 522752 Request throughput (req/s): 3.49 Output token throughput (tok/s): 1787.40 Peak output token throughput (tok/s): 2756.00 Peak concurrent requests: 160.00 Total token throughput (tok/s): 8937.01 ---------------Time to First Token---------------- Mean TTFT (ms): 3905.99 Median TTFT (ms): 3397.30 P99 TTFT (ms): 12452.03 -----Time per Output Token (excl. 1st token)------ Mean TPOT (ms): 63.74 Median TPOT (ms): 64.98 P99 TPOT (ms): 67.57 ---------------Inter-token Latency---------------- Mean ITL (ms): 63.74 Median ITL (ms): 47.99 P99 ITL (ms): 1131.43 ================================================== | I9: =1787/8 -> 223.375 | N9: https://xprof.corp.google.com/trace_viewer/amandaliang-13750897293792486430?view_start=-291.331&view_end=2234.789 | O9: https://xprof.corp.google.com/trace_viewer/amandaliang-14789691241941704881?view_start=-2095.118&view_end=16097.053
A10: =A7 & " MLA" -> use 2560 as the max model len MLA | F10: Successful requests: 1021 Failed requests: 3 Maximum request concurrency: 128 Benchmark duration (s): 289.31 Total input tokens: 2091008 Total generated tokens: 522752 Request throughput (req/s): 3.53 Output token throughput (tok/s): 1806.88 Peak output token throughput (tok/s): 2729.00 Peak concurrent requests: 160.00 Total token throughput (tok/s): 9034.40 ---------------Time to First Token---------------- Mean TTFT (ms): 3623.96 Median TTFT (ms): 3398.07 P99 TTFT (ms): 10328.11 -----Time per Output Token (excl. 1st token)------ Mean TPOT (ms): 63.74 Median TPOT (ms): 63.60 P99 TPOT (ms): 70.71 ---------------Inter-token Latency---------------- Mean ITL (ms): 63.74 Median ITL (ms): 48.30 P99 ITL (ms): 1131.70 ==================================================D15 | I10: =1806/8 -> 225.75 | N10: https://xprof.corp.google.com/trace_viewer/amandaliang-2093135465846270286?view_start=218.971&view_end=219.064 | O10: https://xprof.corp.google.com/trace_viewer/amandaliang-12497654618983940452?view_start=3533.724&view_end=3540.563
A11: =A10 & " 2nd MLA" -> use 2560 as the max model len MLA 2nd MLA | B11: https://github.com/vllm-project/tpu-inference/commit/5e7ebf1f4488cd7aafa4a21baf82c4aaabaaba06 | N11: http://xprof.corp.google.com/trace_viewer/amandaliang-2903148620948916095 | O11: http://xprof.corp.google.com/trace_viewer/amandaliang-9123546916633042004
B12: 46185 | C12: 1 to 128 | D12: MOE_ALL_GATHER_ACTIVATION_DTYPE=fp8 \ VLLM_TPU_PATCH_MM_EMBEDDINGS=1 \ TPU_MULTIHOST_BACKEND=ray \ JAX_PLATFORMS=\"\" \ GMM_VMEM_LIMIT_FRAC=0.85 \ VLLM_DISABLE_SHARED_EXPERTS_STREAM=0 \ MOE_REQUANTIZE_BLOCK_SIZE=512 \ NEW_MODEL_DESIGN=1 \ MODEL_IMPL_TYPE=vllm \ HF_HOME=\"/mnt/disks/persist/hf\" \ TPU_BACKEND_TYPE=jax \ ONEHOT_MOE_PERMUTE_THRESHOLD=2000 \ ATTN_BUCKETIZED_NUM_REQS=true \ ATTN_CUSTOM_NUM_REQS_BUCKETS=\"2,4,8\" \ vllm serve \ --model /mnt/disks/persist/hf/hub/models--mistralai--Mistral-Large-3-675B-Instruct-2512/snapshots/5bb3d32a0a147594527f38cb136a8390eaa82222 \ --max-model-len 3072 \ --max-num-batched-tokens 2048 \ --max-num-seqs 16 \ --no-enable-prefix-caching \ --tensor-parallel-size 16 \ --kv-cache-dtype \"fp8\" \ --async-scheduling \ --gpu-memory-utilization 0.90 \ --additional-config='\''{\"compilation_sizes\": [128], \"sharding\": {\"sharding_strategy\": {\"enable_dp_attention\": true}}}'\'' \ --trust-remote-code \ --port 8000 \ 2>&1 | tee ${LOG_DIR}/${LOG_FILE} | E12: at 1 to 32, we are slightly better than EP | P12: https://ff420afe7652a30f10779d2acd4f8d7a3093f7d96638fb7f001c110-apidata.googleusercontent.com/download/storage/v1/b/mlperf-exp-europe-w/o/amandaliang%2Fmistral%2F20260612_162805%2Fbenchmark_plot.png?jk=ARss-vZTR7W4-1mL-GrDSwGuzm62q5Qqd3jxiDtXR6aFdg4HwCBvw0YaFpKMMKR-FAc_NDCN4sYZr7OqdNJb_Vr5fSfAuWkajPT5O67DNKoavueyI_tl72618FfbrcBnhgjE0wX60FhhtC93Zig5VV8tsXqw9mGmhXuG5aHVGJtUq9R4lvGS5_OMHMUe1n6O5rlIUB2t9a_Cc2LZ2iSdK6UL9Odk3S8osOHw7NU6gzqoyAGEd7wtfTZxQJ2SVHw7nb_9hIlGjk7VDoUW2bp8asr5X5izh_W7bjEBg_GjRVpv3TXTbAdueFWoarxK5tgRjxLg8Sd7LSwEn9LUSmVUx7d5EHKkBTX9LOgYbvTlXTZZijhIHwhr5BiMntOvH4_4d4bgQEmj5BujrXuQy7e7OmLq2IW0IJ-1obLOGUOLC6tjEEsWFb3QgqXZvrnoCQ6un6O8ScGO9TIXGBsqhNn8jIwt9-bCHd9uRxOL3QnptPK0gsDn26Elri9Juj03Deq20Prjo4xNgtuC5cWIIqUEi-IEzHTE-GnhN2RCacObyQf4_g4k7FYVQ5apLoiVra5QGChD7Ig9qZB1fA_fsaCMDd2CgUTpGtoO6ZAYzym-ImdeFBqM_zIfgm0ZMlry92I2Uzkb_jatMlBUORaLzNSQjFyY0gCz9Uslnzhfse5ooleyd6Bce6nLKQq7uKV1ujQy76tnr_gnpacwP-xp9I-5XbYQw_2bULfCQGyGRwT1FgZWlCZGNUUjs97MmvfDRMpiDelkaVRCKfx51DHfZXFEzHcdjahr_pP8Yx6qCFl_nT6kWeCPkmljiIt43aJYxV8Yy8uhp7eKMjbViLOxWVrW1bquZXExl8HpVn79NTaDOZ6tICr4qhpLs6x4QnsachXdfVGwwiTQqXR3RFqSzqfQTQF9i2JOdo3O0GRe4BgN2e5Y__KfL-GSphb7GQVkKNaEYih6pguw_fmNIt-W5cUXX__fPoIR9__dtbRktplbe3tKeCrCB3BM4BfqBwAjT3K0KAty-ZnNIA79EFmfzo1uUfV4uZ802Cmgl5eQ3km3LDddwjvbsswp3O7AJZSg5BAyibeKSn7iRfO-lsC4qUc4ZvoIM9WZ_musVHtXkt_PBxwJwUIGN2lfZ9sQSMY-RBH9yTrf7OBqhJCbVl-72LzxI7QabtO1OoyvDxmZ3Ouh5K4dEQcRR2HI8RKd2ANBh05TJQrejEoJeE4m5-Fv1Zb8N2Qv2w&isca=1
B13: 46185 | C13: 128 | D13: MOE_ALL_GATHER_ACTIVATION_DTYPE=fp8 \ VLLM_TPU_PATCH_MM_EMBEDDINGS=1 \ TPU_MULTIHOST_BACKEND=ray \ JAX_PLATFORMS=\"\" \ GMM_VMEM_LIMIT_FRAC=0.85 \ VLLM_DISABLE_SHARED_EXPERTS_STREAM=0 \ MOE_REQUANTIZE_BLOCK_SIZE=512 \ NEW_MODEL_DESIGN=1 \ MODEL_IMPL_TYPE=vllm \ HF_HOME=\"/mnt/disks/persist/hf\" \ TPU_BACKEND_TYPE=jax \ ONEHOT_MOE_PERMUTE_THRESHOLD=2000 \ ATTN_BUCKETIZED_NUM_REQS=true \ ATTN_CUSTOM_NUM_REQS_BUCKETS=\"2,4,8\" \ vllm serve \ --model /mnt/disks/persist/hf/hub/models--mistralai--Mistral-Large-3-675B-Instruct-2512/snapshots/5bb3d32a0a147594527f38cb136a8390eaa82222 \ --max-model-len 3072 \ --max-num-batched-tokens 2048 \ --max-num-seqs 8 \ --no-enable-prefix-caching \ --tensor-parallel-size 16 \ --kv-cache-dtype \"fp8\" \ --async-scheduling \ --gpu-memory-utilization 0.90 \ --additional-config='\''{\"compilation_sizes\": [128], \"sharding\": {\"sharding_strategy\": {\"enable_dp_attention\": true}}}'\'' \ --trust-remote-code \ --port 8000 \ 2>&1 | tee ${LOG_DIR}/${LOG_FILE} | N13: https://xprof.corp.google.com/trace_viewer/amandaliang-1773162805974960402?view_start=-273.384&view_end=2097.309 | O13: https://xprof.corp.google.com/trace_viewer/amandaliang-9262844359412781252
B14: 46187 | C14: MOE_ALL_GATHER_ACTIVATION_DTYPE=fp8 \ VLLM_TPU_PATCH_MM_EMBEDDINGS=1 \ TPU_MULTIHOST_BACKEND=ray \ JAX_PLATFORMS=\"\" \ VLLM_DISABLE_SHARED_EXPERTS_STREAM=0 \ MOE_REQUANTIZE_BLOCK_SIZE=512 \ NEW_MODEL_DESIGN=1 \ MODEL_IMPL_TYPE=vllm \ HF_HOME=\"/mnt/disks/persist/hf\" \ TPU_BACKEND_TYPE=jax \ ONEHOT_MOE_PERMUTE_THRESHOLD=2000 \ vllm serve \ --model /mnt/disks/persist/hf/hub/models--mistralai--Mistral-Large-3-675B-Instruct-2512/snapshots/5bb3d32a0a147594527f38cb136a8390eaa82222 \ --max-model-len 3072 \ --max-num-batched-tokens 2048 \ --max-num-seqs 8 \ --no-enable-prefix-caching \ --tensor-parallel-size 16 \ --kv-cache-dtype \"fp8\" \ --async-scheduling \ --gpu-memory-utilization 0.90 \ --additional-config='\''{\"compilation_sizes\": [128], \"sharding\": {\"sharding_strategy\": {\"enable_dp_attention\": true}}}'\'' \ --trust-remote-code \ --port 8000 \ 2>&1 | tee ${LOG_DIR}/${LOG_FILE}

Sheet DB
A1: Hardware Spec | C1: GhostFish (P3) | D1: GB200 | E1: GhostFish (P3) Derated | F1: GB200 Derated | H1: GB200 / GFC Derated
A2: # of TensorCore per Chip | C2: 2 | D2: 1 | E2: =$C2 -> 2 | F2: =$D2 -> 1
A3: Per-Chip HBM-BW (GB/s) | C3: 7315 | D3: 8000 | E3: =$C3*E$18 -> 6729.8 | F3: =$D3*F$18 -> 7200 | H3: =F3/E3 -> 1.0698683
A4: Per-Chip TFLOPS (fp4) | C4: =4614*0.86 -> 3968.04 | D4: 10000 | E4: =$C4*E$19 -> 3571.236 | F4: =$D4*F$19 -> 7500 | H4: =F4/E4 -> 2.1001132
A5: Per-Chip TFLOPS (fp8) | C5: =4614*0.86 -> 3968.04 | D5: 5000 | E5: =$C5*E$19 -> 3571.236 | F5: =$D5*F$19 -> 3750 | H5: =F5/E5 -> 1.0500566
A6: Per-Chip TFLOPS (fp16) | C6: =2307*0.86 -> 1984.02 | D6: 2500 | E6: =$C6*E$19 -> 1785.618 | F6: =$D6*F$19 -> 1875 | H6: =F6/E6 -> 1.0500566
A7: Per-Chip HBM Capacity (GiB) | C7: 192 | D7: =round(192*1000000000/(1024^3), 0) -> 179 | E7: =$C7 -> 192 | F7: =$D7 -> 179 | H7: =F7/E7 -> 0.93229167
A8: Per-Core HBM-BW (GB/s) | C8: =C3/C$2 -> 3657.5 | D8: =D3/D$2 -> 8000 | E8: =$C8*E$18 -> 3364.9 | F8: =$D8*F$18 -> 7200
A9: Per-Core TFLOPS (fp4) | C9: =C4/C$2 -> 1984.02 | D9: =D4/D$2 -> 10000 | E9: =$C9*E$19 -> 1785.618 | F9: =$D9*F$19 -> 7500
A10: Per-Core TFLOPS (fp8) | C10: =C5/C$2 -> 1984.02 | D10: =D5/D$2 -> 5000 | E10: =$C10*E$19 -> 1785.618 | F10: =$D10*F$19 -> 3750
A11: Per-Core TFLOPS (bf16) | C11: =C6/C$2 -> 992.01 | D11: =D6/D$2 -> 2500 | E11: =$C11*E$19 -> 892.809 | F11: =$D11*F$19 -> 1875
A12: Per-Core HBM Capacity (GiB) | C12: =C7/$C$2 -> 96 | D12: =D7/D$2 -> 179 | E12: =$C12 -> 96 | F12: =$D12 -> 179
A13: Core-to-Core ICI Bandwidth (uni, GB/s) | C13: 1600 | D13: 900 | E13: =$C13*E$20 -> 600 | F13: =$D13*F$20 -> 900
A14: Chip-to-Chip ICI Bandwidth (uni, GB/s) | C14: 100 | D14: 900 | E14: =$C14*E$21 -> 80 | F14: =$D14*F$21 -> 900
A15: Chip-to-Chip ICI Latency (ms) | C15: 0.0013 | D15: 0 | E15: =$C15 -> 0.0013 | F15: =$D15 -> 0
A16: Min MXU Contracting Dim | C16: 256 | D16: 1 | E16: =$C16 -> 256 | F16: =$D16 -> 1
A18: HBM BW Derate | E18: 0.92 | F18: 0.9
A19: TFLOPS Derate | E19: 0.9 | F19: 0.75
A20: Core-to-Core Interconnect Derate | E20: 0.375 | F20: 1
A21: Chip-to-Chip Interconnect Derate | E21: 0.8 | F21: 1
A25: GFC Topology and Bandwidth Table
A26: # Chips | B26: Detailed Topology (m=mesh, t=torus) | C26: # of Bisection Links (bidirectional) | D26: Total # Unidirectional Links | E26: Simplified Topology | F26: Total # Bidirectional Links | G26: Max # Hops
A27: 2 | B27: 2m | C27: 1 | D27: 2 | E27: 2 | F27: =D27/2 -> 1 | G27: 1
A28: 4 | B28: 2m,2m | C28: 2 | D28: 8 | E28: 2x2 | F28: =D28/2 -> 4 | G28: 2
A29: 8 | B29: 2m,2m,2m | C29: 4 | D29: 24 | E29: 2x2x2 | F29: =D29/2 -> 12 | G29: 3
A30: 16 | B30: 4t,4t | C30: 8 | D30: 64 | E30: 4x4 | F30: =D30/2 -> 32 | G30: =2+2 -> 4
A31: 32 | B31: 4t,4t,2m | C31: 16 | D31: =80*2 -> 160 | E31: 4x4x2 | F31: =D31/2 -> 80 | G31: 5

Sheet NCCL Benchmark
A1: chip | B1: operation | C1: size | D1: num_chips | E1: time | F1: algbw | G1: busbw | H1: datetime | I1: AG/RS/A2A theoretical time GB200 (us) | J1: % of theoretical
A2: B200 | B2: all_gather | C2: 128 | D2: 2 | E2: 8.52 | F2: 0.02 | G2: 0.01 | H2: 45960.839
A3: B200 | B3: all_gather | C3: 256 | D3: 2 | E3: 8.58 | F3: 0.03 | G3: 0.01 | H3: 45960.839
A4: B200 | B4: all_gather | C4: 512 | D4: 2 | E4: 8.66 | F4: 0.06 | G4: 0.03 | H4: 45960.839
A5: B200 | B5: all_gather | C5: 1024 | D5: 2 | E5: 8.68 | F5: 0.12 | G5: 0.06 | H5: 45960.839
A6: B200 | B6: all_gather | C6: 2048 | D6: 2 | E6: 8.77 | F6: 0.23 | G6: 0.12 | H6: 45960.839
A7: B200 | B7: all_gather | C7: 4096 | D7: 2 | E7: 8.95 | F7: 0.46 | G7: 0.23 | H7: 45960.839
A8: B200 | B8: all_gather | C8: 8192 | D8: 2 | E8: 9.4 | F8: 0.87 | G8: 0.44 | H8: 45960.839
A9: B200 | B9: all_gather | C9: 16384 | D9: 2 | E9: 9.62 | F9: 1.7 | G9: 0.85 | H9: 45960.839
A10: B200 | B10: all_gather | C10: 32768 | D10: 2 | E10: 9.81 | F10: 3.34 | G10: 1.67 | H10: 45960.839
A11: B200 | B11: all_gather | C11: 65536 | D11: 2 | E11: 10.04 | F11: 6.53 | G11: 3.26 | H11: 45960.839
A12: B200 | B12: all_gather | C12: 131072 | D12: 2 | E12: 10.06 | F12: 13.03 | G12: 6.51 | H12: 45960.839
A13: B200 | B13: all_gather | C13: 262144 | D13: 2 | E13: 10.19 | F13: 25.72 | G13: 12.86 | H13: 45960.839
... A705: B200 | B705: reduce_scatter | C705: 4294967296 | D705: 8 | E705: 5710.9 | F705: 752.07 | G705: 658.06 | H705: 45960.839
A706: GB200 | B706: ALL_GATHER | C706: 128 | D706: 2 | E706: 10.29 | F706: 0.01 | G706: 0.01 | H706: 46096 | I706: =(D706-1)*(C706/D706)/(900*1000*1000*1000)*1000*1000 -> 7.1111111e-05 | J706: =I706/E706 -> 6.9107008e-06
A707: GB200 | B707: ALL_GATHER | C707: 256 | D707: 2 | E707: 10.14 | F707: 0.03 | G707: 0.01 | H707: 46096 | I707: =(D707-1)*(C707/D707)/(900*1000*1000*1000)*1000*1000 -> 0.00014222222 | J707: =I707/E707 -> 1.402586e-05
A708: GB200 | B708: ALL_GATHER | C708: 512 | D708: 2 | E708: 10.22 | F708: 0.05 | G708: 0.03 | H708: 46096 | I708: =(D708-1)*(C708/D708)/(900*1000*1000*1000)*1000*1000 -> 0.00028444444 | J708: =I708/E708 -> 2.7832137e-05
A709: GB200 | B709: ALL_GATHER | C709: 1024 | D709: 2 | E709: 10.26 | F709: 0.1 | G709: 0.05 | H709: 46096 | I709: =(D709-1)*(C709/D709)/(900*1000*1000*1000)*1000*1000 -> 0.00056888889 | J709: =I709/E709 -> 5.544726e-05
A710: GB200 | B710: ALL_GATHER | C710: 2048 | D710: 2 | E710: 10.34 | F710: 0.2 | G710: 0.1 | H710: 46096 | I710: =(D710-1)*(C710/D710)/(900*1000*1000*1000)*1000*1000 -> 0.0011377778 | J710: =I710/E710 -> 0.00011003654
A711: GB200 | B711: ALL_GATHER | C711: 4096 | D711: 2 | E711: 10.78 | F711: 0.38 | G711: 0.19 | H711: 46096 | I711: =(D711-1)*(C711/D711)/(900*1000*1000*1000)*1000*1000 -> 0.0022755556 | J711: =I711/E711 -> 0.0002110905
A712: GB200 | B712: ALL_GATHER | C712: 8192 | D712: 2 | E712: 10.8 | F712: 0.76 | G712: 0.38 | H712: 46096 | I712: =(D712-1)*(C712/D712)/(900*1000*1000*1000)*1000*1000 -> 0.0045511111 | J712: =I712/E712 -> 0.00042139918
A713: GB200 | B713: ALL_GATHER | C713: 16384 | D713: 2 | E713: 10.89 | F713: 1.5 | G713: 0.75 | H713: 46096 | I713: =(D713-1)*(C713/D713)/(900*1000*1000*1000)*1000*1000 -> 0.0091022222 | J713: =I713/E713 -> 0.00083583308
A714: GB200 | B714: ALL_GATHER | C714: 32768 | D714: 2 | E714: 10.95 | F714: 2.99 | G714: 1.5 | H714: 46096 | I714: =(D714-1)*(C714/D714)/(900*1000*1000*1000)*1000*1000 -> 0.018204444 | J714: =I714/E714 -> 0.0016625063
A715: GB200 | B715: ALL_GATHER | C715: 65536 | D715: 2 | E715: 11.18 | F715: 5.86 | G715: 2.93 | H715: 46096 | I715: =(D715-1)*(C715/D715)/(900*1000*1000*1000)*1000*1000 -> 0.036408889 | J715: =I715/E715 -> 0.003256609
A716: GB200 | B716: ALL_GATHER | C716: 131072 | D716: 2 | E716: 11.15 | F716: 11.76 | G716: 5.88 | H716: 46096 | I716: =(D716-1)*(C716/D716)/(900*1000*1000*1000)*1000*1000 -> 0.072817778 | J716: =I716/E716 -> 0.0065307424
A717: GB200 | B717: ALL_GATHER | C717: 262144 | D717: 2 | E717: 11.68 | F717: 22.44 | G717: 11.22 | H717: 46096 | I717: =(D717-1)*(C717/D717)/(900*1000*1000*1000)*1000*1000 -> 0.14563556 | J717: =I717/E717 -> 0.012468798
... A2334: GB200 | B2334: REDUCE_SCATTER | C2334: 17179869184 | D2334: 32 | E2334: 23795.2 | F2334: 721.99 | G2334: 699.43 | H2334: 46096 | I2334: =(D2334-1)*(C2334/D2334)/(900*1000*1000*1000)*1000*1000 -> 18492.22 | J2334: =I2334/E2334 -> 0.77714078

Sheet Weight Absorb Analysis
A3: Tensor | B3: Dimensions | E3: dtype bytes | F3: Size (MiB)
A4: Wo | B4: n_q | C4: h_nope | D4: D
B5: 128 | C5: 128 | D5: 7168 | E5: 1 | F5: =product(B5:E5)/1024/1024 -> 112
A6: Wuv | B6: n_q | C6: h_nope | D6: c_kv
B7: 128 | C7: 128 | D7: 512 | E7: 1 | F7: =product(B7:E7)/1024/1024 -> 8
E8: Total | F8: =F5+F7 -> 120
A10: Wuv*Wo (contract on h_nope) | B10: n_q | C10: c_kv | D10: D
B11: 128 | C11: 512 | D11: 7168 | E11: 1 | F11: =product(B11:E11)/1024/1024 -> 448
A12: Activation Saved (if not already in VMEM) | B12: B | C12: n_q | D12: h_nope
B13: 256 | C13: 128 | D13: 192 | E13: 2 | F13: =product(B13:E13)/1024/1024 -> 12
E14: Total | F14: =F11-F13 -> 436
A16: Wuk | B16: n_q | C16: h_nope | D16: c_kv
B17: 128 | C17: 128 | D17: 512 | E17: 1 | F17: =product(B17:E17)/1024/1024 -> 8
A18: Wuq | B18: c_q | C18: n_q | D18: h_nope
B19: 1536 | C19: 128 | D19: 128 | E19: 1 | F19: =product(B19:E19)/1024/1024 -> 24
E20: Total | F20: =F17+F19 -> 32
A22: Wuq*Wuk' (contract on h_nope) | B22: n_q | C22: c_q | D22: c_kv
B23: 128 | C23: 1536 | D23: 512 | E23: 1 | F23: =product(B23:E23)/1024/1024 -> 96
A24: Activation Saved (if not already in VMEM) | B24: B | C24: n_q | D24: h_nope
B25: 256 | C25: 128 | D25: 128 | E25: 2 | F25: =product(B25:E25)/1024/1024 -> 8
E26: Total | F26: =F23-F25 -> 88

Sheet Token Time Linear Interpolation
B1: Config: | C1: [1K/8K] GF 2x2 DP8/EP8 Aggregated MOE-a8w4
B2: Check modled roofline time vs linearly interpolated roofline time based on first / last token
B3: Seems close enough: | F3: 61
B4: KV len | C4: Time all layers (s) - Roofline | D4: Time all layers if linearly interpolated (s) | E4: delta | F4: Measured (all layers) | G4: % roofline
B5: 1024 | C5: 0.0241 | D5: =$C$5 + (($C$13 - $C$5) / ($B$13 - $B$5)) * (B5 - $B$5) -> 0.0241 | E5: =C5/D5-1 -> 0 | F5: =1.039*61/1000 -> 0.063379 | G5: =C5/F5 -> 0.38025213
B6: =B5+1024 -> 2048 | C6: 0.0254 | D6: =$C$5 + (($C$13 - $C$5) / ($B$13 - $B$5)) * (B6 - $B$5) -> 0.0255375 | E6: =C6/D6-1 -> -0.0053842389
B7: =B6+1024 -> 3072 | C7: 0.0268 | D7: =$C$5 + (($C$13 - $C$5) / ($B$13 - $B$5)) * (B7 - $B$5) -> 0.026975 | E7: =C7/D7-1 -> -0.0064874884
B8: =B7+1024 -> 4096 | C8: 0.0283 | D8: =$C$5 + (($C$13 - $C$5) / ($B$13 - $B$5)) * (B8 - $B$5) -> 0.0284125 | E8: =C8/D8-1 -> -0.0039595249 | F8: =1.2*$F$3/1000 -> 0.0732 | G8: =C8/F8 -> 0.38661202
B9: =B8+1024 -> 5120 | C9: 0.0297 | D9: =$C$5 + (($C$13 - $C$5) / ($B$13 - $B$5)) * (B9 - $B$5) -> 0.02985 | E9: =C9/D9-1 -> -0.0050251256
B10: =B9+1024 -> 6144 | C10: 0.0312 | D10: =$C$5 + (($C$13 - $C$5) / ($B$13 - $B$5)) * (B10 - $B$5) -> 0.0312875 | E10: =C10/D10-1 -> -0.002796644
B11: =B10+1024 -> 7168 | C11: 0.0327 | D11: =$C$5 + (($C$13 - $C$5) / ($B$13 - $B$5)) * (B11 - $B$5) -> 0.032725 | E11: =C11/D11-1 -> -0.00076394194
B12: =B11+1024 -> 8192 | C12: 0.0341 | D12: =$C$5 + (($C$13 - $C$5) / ($B$13 - $B$5)) * (B12 - $B$5) -> 0.0341625 | E12: =C12/D12-1 -> -0.0018294914
B13: =B12+1024 -> 9216 | C13: 0.0356 | D13: =$C$5 + (($C$13 - $C$5) / ($B$13 - $B$5)) * (B13 - $B$5) -> 0.0356 | E13: =C13/D13-1 -> 0 | F13: =1.488*F3/1000 -> 0.090768 | G13: =C13/F13 -> 0.39220871

Sheet decodeDP=16F=2D=8
A1: Description | B1: Symbol | C1: Value | F1: Sharding (Axis Name) | G1: # of Devices | H1: Notes | Q1: Size In Bytes | T1: MXU dtype
A2: Embedding Dimension | B2: D | C2: 7168 | F2: [ ↓ Configurable Values] | Q2: fp4 | R2: 0.5 | T2: =U2&","&V2 -> fp4,fp4 | U2: fp4 | V2: fp4 | W2: fp4
A3: Hidden Dimension | B3: F | C3: 2048 | F3: model | G3: 2 | Q3: fp8 | R3: 1 | T3: =U3&","&V3 -> fp4,fp8 | U3: fp4 | V3: fp8 | W3: fp8
A4: # of experts | B4: E | C4: 256 | F4: data | G4: 8 | H4: Also used for expert sharding for MoE | Q4: bf16 | R4: 2 | T4: =U4&","&V4 -> fp4,bf16 | U4: fp4 | V4: bf16 | W4: bf16
A5: # of Layers | B5: L | C5: 61 | F5: seq | G5: 1 | T5: =U5&","&V5 -> fp8,fp4 | U5: fp8 | V5: fp4 | W5: fp8
A6: # of Dense Layers | B6: DL | C6: 3 | F6: attn_model | G6: 1 | H6: Used if attention is replicated | T6: =U6&","&V6 -> fp8,fp8 | U6: fp8 | V6: fp8 | W6: fp8
A7: # of experts to be activated per token | B7: top_k | C7: 8 | F7: [ ↓ Derived Values]
A8: The dimension of the compressed latent vector for Query | B8: c_q | C8: 1536 | F8: data,model | G8: =G4*G3 -> 16 | T8: =U8&","&V8 -> fp8,bf16 | U8: fp8 | V8: bf16 | W8: bf16
A9: The dimension of the compressed latent vector for KV | B9: c_kv | C9: 512 | F9: Total # of devices | G9: =PRODUCT(G2:G5) -> 16 | T9: =U9&","&V9 -> bf16,fp4 | U9: bf16 | V9: fp4 | W9: bf16
A10: The dimension of Non-RoPE part of the query head | B10: h_nope | C10: 128 | F10: Total # of chips | G10: =$G$9/$H$17 -> #N/A | T10: =U10&","&V10 -> bf16,fp8 | U10: bf16 | V10: fp8 | W10: bf16
A11: The dimension of the RoPE part of the query head | B11: h_rope | C11: 64 | L11: TODO LIST | T11: bf16,bf16 | U11: bf16 | V11: bf16 | W11: bf16
A12: The number of Attention Heads (Query) | B12: n_q | C12: 128
A13: [ ↓ Derived parameters]
A14: h_nope+h_rope | B14: h_nope+h_rope | C14: =$C$10+$C$11 -> 192
A15: c_kv+h_rope | B15: c_kv+h_rope | C15: =$C$9+$C$11 -> 576
A16: # of Duplicated tokens (top_k times) | B16: kT | C16: =C7*$C$24 -> 8 | F16: Hardware Spec | G16: Derate Factor | H16: GhostFish
A17: # of Devices | B17: num_devices | C17: =$G$9 -> 16 | F17: {=DB!A2:A14} -> # of TensorCore per Chip | G17: 1 | H17: {=xlookup($H$16,DB!1:1,DB!2:14) * G17:G29} -> #N/A
A18: # of Chips | B18: num_chips | C18: =$G$10 -> #N/A | F18: Per-Chip HBM-BW (GB/s) | G18: 1 | H18: #N/A
A19: Assumed Topology | B19: topo | C19: =IFS(C18=8,"2x2x2",C18=4,"2x2",TRUE,NA) -> #N/A | F19: Per-Chip TFLOPS (fp4) | G19: 1 | H19: #N/A
A20: # of Links in the current topology | B20: num_links_in_topo | C20: =IFS(C19="2x2x2",12,C19="2x2",4,TRUE,NA()) -> #N/A | F20: Per-Chip TFLOPS (fp8) | G20: 1 | H20: #N/A
F21: Per-Chip TFLOPS (fp16) | G21: 1 | H21: #N/A
A22: [ ↓ Configurable parameters] | F22: Per-Chip HBM Capacity (GiB) | G22: 0.987 | H22: #N/A
A23: Regime | B23: R | C23: Decode | F23: Per-Core HBM-BW (GB/s) | G23: 0.8 | H23: #N/A
A24: Sequence Length (Q) | B24: T | C24: =IF(C23="Decode", 1, 2048) -> 1 | F24: Per-Core TFLOPS (fp4) | G24: 1 | H24: #N/A
A25: Batch Size (power of 2) | B25: B | C25: 4096 | F25: Per-Core TFLOPS (fp8) | G25: 1 | H25: #N/A
A26: Sequence Length (KV) | B26: S | C26: =1024+4096 -> 5120 | F26: Per-Core TFLOPS (bf16) | G26: 1 | H26: #N/A
A27: Scheduler Latency Overhead | C27: 0.15 | F27: Per-Core HBM Capacity (GiB) | G27: 0.987 | H27: #N/A
A28: Roofline Discount Rate | C28: 1 | F28: Core-to-Core ICI Bandwidth (uni, GB/s) | G28: 0.375 | H28: #N/A
A29: KV Cache dtype | B29: kvcache_dtype | C29: bf16 | F29: Chip-to-Chip ICI Bandwidth (uni, GB/s) | G29: 0.8 | H29: #N/A
A30: Flash Attention Enabled | B30: flash_attn | C30: TRUE
A32: 💡Top Line Metrics | F32: Maximum Batchsize Calculation
A33: Metric Name | B33: ="Value (" & H16 & ")" -> Value (GhostFish) | C33: Reference Value (GB200) | F33: Model Weights Dtype | G33: fp8
A34: # of Tokens | B34: =$C25*$C24 -> 4096 | C34: =492*8 -> 3936 | F34: KV Cache Dtype | G34: =C29 -> bf16
A35: # Devices | B35: =G9 -> 16 | C35: 8 | F35: Shared Expert Strategy | G35: Strategy A: All-Gather Tokens
A36: E2E Latency (s) | B36: =$G$78/1000 * $C$5 -> #N/A | C36: =0.0734 -> 0.0734 | F36: # of Model Params | G36: =671*1000000000 -> 671000000000
A37: Throughput (tokens/s) | B37: =$B$34/$B$36 -> #N/A | C37: =492/0.0733 * C35 -> 53697.135 | F37: # of Attention Params | G37: =SUM(PRODUCT(L92:M92), PRODUCT(K138:M138), PRODUCT(K157:M157), PRODUCT(L176:M176), PRODUCT(K252:M252), PRODUCT(K271:M271)) * PARAMS("L") -> 11413422080
A38: Discounted Throughput (tokens/s) | B38: =B34/(B36*(1+C27))*C28 -> #N/A
A39: Throughput (tokens/s/chip) | B39: =B38/$G$10 -> #N/A | C39: =C37/C35 -> 6712.1419 | F39: # of Non Attention Params | G39: =G36-G37 -> 659586577920
F40: # Attention Memory (GiB) | G40: =SUM(P92, P138, P157, P176, P252, P271) * PARAMS(B5) / 1024 -> 10.629578
F41: # Model Memory (GiB) | G41: =(G39* SWITCH(G33, "fp32", 4, "bf16", 2, "fp8", 1, "fp4", 0.5)/1024^3 + G40*G9) + (G9-1) * SUM(P453, P472) * (C5-3)/1024 -> 802.20291
F42: # Per Device Model Memory (GiB) | G42: =G41/G9 -> 50.137682
A43: 💾 Memory Occupancy | F43: Usable fraction | G43: 0.9
A44: Key | B44: Value | C44: Notes | F44: Maximum Global Batch Size | G44: =(((H27 * G43 - G42)*1024^3) * G8) / (PARAMS(B26) * PAD_128(C9+C11) * SWITCH(PARAMS("kvcache_dtype"), "fp32", 4, "bf16", 2, "fp8", 1, "fp4", 0.5)*PARAMS(B5)) -> #N/A
A45: Attention Weights, Global (GiB) | B45: =SUM(P92,P138,P157,P176,P252,P271) * PARAMS("L") / 1024 -> 10.629578 | J45: =SUM(G43+G45+G47) -> 0.9
A46: MoE Weights, Global (GiB) | B46: =SUM($P$292,$P$381) * PARAMS("L") / 1024 -> 120.09375 | M46: =(2*129280*7168 + 3*2048*7168) -> 1897398272
A47: Other Weights, Global (GiB)
A48: KV Cache Size, Global (GiB) | B48: =SIZEOF_IN_MIB(PARAMS("B")*PARAMS("S")*PARAMS("L")*(PARAMS("c_kv")+PARAMS("h_rope")), PARAMS("kvcache_dtype"))/1024 -> 1372.5
A49: Intermediate Activation Tensors, Global (GiB) | B49: =MAX(P92,P111,P130,P149,P168,P187,P206,P225,P244,P260,P298,P345,P411,P430)/1024 -> 0.010253906
A50: TOTAL (Global) | B50: =SUM(B45:B48) -> 1503.2233 | C50: ="<=" & ($H$27 * PARAMS("num_devices")) & " (Capacity)?" -> #N/A
A52: Attention Weights, Local (GiB) | B52: =SUM(P94,P140,P159,P178,P254,P273) * PARAMS("L") / 1024 -> 10.629578
A53: MoE Weights, Local (GiB) | B53: =SUM(P340,P383) * PARAMS("L") / 1024 -> 20.015625
A54: Other Weights, Global (GiB)
A55: KV Cache Size, Local (GiB) | B55: =B48/PARAMS("num_devices") -> 85.78125
A56: Intermediate Activation Tensors, Local (GiB) | B56: =MAX(P94,P113,P132,P151,P170,P189,P208,P227,P246,P262,P300,P347,P413,P432)/1024 -> 0.010253906
A57: TOTAL (Local) | B57: =SUM(B52:B55) -> 116.42645 | C57: ="<=" & ($H$27) & " (Capacity)?" -> #N/A
A59: ⚡Roofline Summary
A60: Category | B60: Op Name | C60: Memory Time (ms) | D60: Compute Time (ms) | E60: ICI Latency Time (ms) | F60: ICI BW Time (ms) | G60: Roofline Time (ms) | H60: Boundness | J60: % Roofline
A61: MLA | B61: Q Down Proj | C61: =$H$132 -> #N/A | D61: =$H$130 -> #N/A | F61: =H127 -> #N/A | G61: =max(C61:F61) -> #N/A | H61: =IFS(C61=G61, "HBM", D61=G61, "Compute", E61=G61, "ICI Lt", F61=G61, "ICI BW") -> #N/A | J61: =G61/$G$76 -> #N/A
A62: MLA | B62: Q Up Proj | C62: =$H$151 -> #N/A | D62: =$H$149 -> #N/A | G62: =max(C62:F62) -> #N/A | H62: =IFS(C62=G62, "HBM", D62=G62, "Compute", E62=G62, "ICI Lt", F62=G62, "ICI BW") -> #N/A | J62: =G62/$G$76 -> #N/A
A63: MLA | B63: Q Proj to K (K weight absoption) | C63: =$H$170 -> #N/A | D63: =$H$168 -> #N/A | G63: =max(C63:F63) -> #N/A | H63: =IFS(C63=G63, "HBM", D63=G63, "Compute", E63=G63, "ICI Lt", F63=G63, "ICI BW") -> #N/A | J63: =G63/$G$76 -> #N/A
A64: MLA | B64: KV Down Proj | C64: =$H$189 -> #N/A | D64: =$H$187 -> #N/A | G64: =max(C64:F64) -> #N/A | H64: =IFS(C64=G64, "HBM", D64=G64, "Compute", E64=G64, "ICI Lt", F64=G64, "ICI BW") -> #N/A | J64: =G64/$G$76 -> #N/A
A65: MLA | B65: FlashAttention | C65: =SUM(C67:C69) -> #N/A | D65: =SUM(D67:D69) -> #N/A | G65: =IF(PARAMS("flash_attn"),MAX(C65:F65),0) -> #N/A | H65: =IFS(G65=0,"",C65=G65, "HBM", D65=G65, "Compute", E65=G65, "ICI Lt", F65=G65, "ICI BW") -> #N/A | J65: =G65/$G$76 -> #N/A
A66: MLA | B66: VanillaAttention | G66: =IF(PARAMS("flash_attn"),0,SUM(G67:G69)) -> 0 | J66: =G66/$G$76 -> #N/A
A67: MLA | B67: |- QK (nope) | C67: =$H$208 -> #N/A | D67: =$H$206 -> #N/A | G67: =max(C67:F67) -> #N/A | H67: =IFS(C67=G67, "HBM", D67=G67, "Compute", E67=G67, "ICI Lt", F67=G67, "ICI BW") -> #N/A
A68: MLA | B68: |- QK (rope) | C68: =$H$227 -> #N/A | D68: =$H$225 -> #N/A | G68: =max(C68:F68) -> #N/A | H68: =IFS(C68=G68, "HBM", D68=G68, "Compute", E68=G68, "ICI Lt", F68=G68, "ICI BW") -> #N/A
A69: MLA | B69: |- AV | C69: =$H$246 -> #N/A | D69: =$H$244 -> #N/A | G69: =max(C69:F69) -> #N/A | H69: =IFS(C69=G69, "HBM", D69=G69, "Compute", E69=G69, "ICI Lt", F69=G69, "ICI BW") -> #N/A
A70: MLA | B70: V Up Proj (Weight Absorption) | C70: =H265 -> #N/A | D70: =H263 -> #N/A | G70: =max(C70:F70) -> #N/A | H70: =IFS(C70=G70, "HBM", D70=G70, "Compute", E70=G70, "ICI Lt", F70=G70, "ICI BW") -> #N/A | J70: =G70/$G$76 -> #N/A
A71: MLA | B71: O Proj | C71: =H284 -> #N/A | D71: =H282 -> #N/A | G71: =max(C71:F71) -> #N/A | H71: =IFS(C71=G71, "HBM", D71=G71, "Compute", E71=G71, "ICI Lt", F71=G71, "ICI BW") -> #N/A | J71: =G71/$G$76 -> #N/A
A72: MoE | B72: Dispatch | F72: =$H$332 -> #N/A | G72: =max(C72:F72) -> #N/A | H72: =IFS(C72=G72, "HBM", D72=G72, "Compute", E72=G72, "ICI Lt", F72=G72, "ICI BW") -> #N/A | J72: =G72/$G$76 -> #N/A
A73: MoE | B73: Gating x 2 + Act | C73: =$H$375 -> #N/A | D73: =$H$373 -> #N/A | F73: =$H$370 -> #N/A | G73: =max(C73:F73) -> #N/A | H73: =IFS(C73=G73, "HBM", D73=G73, "Compute", E73=G73, "ICI Lt", F73=G73, "ICI BW") -> #N/A | J73: =G73/$G$76 -> #N/A
A74: MoE | B74: Linear | C74: =$H$405 -> #N/A | D74: =$H$403 -> #N/A | F74: =$H$400 -> 0 | G74: =max(C74:F74) -> #N/A | H74: =IFS(C74=G74, "HBM", D74=G74, "Compute", E74=G74, "ICI Lt", F74=G74, "ICI BW") -> #N/A | J74: =G74/$G$76 -> #N/A
A75: MoE | B75: Collect | F75: =$H$442 -> #N/A | G75: =max(C75:F75) -> #N/A | H75: =IFS(C75=G75, "HBM", D75=G75, "Compute", E75=G75, "ICI Lt", F75=G75, "ICI BW") -> #N/A | J75: =G75/$G$76 -> #N/A
E76: Overlapping Strategy | F76: OptionA. No Overlapping | G76: =SUM(G61:G66,G70:G75) -> #N/A | J76: =G76/$G$76 -> #N/A
F77: OptionB. Overlapping Expert Collectives | G77: =SUM(G61:G66,G70:G71)+MAX(G72:G73)+MAX(G74:G75) -> #N/A
A78: TOTAL | E78: Selected Strategy | F78: OptionA. No Overlapping | G78: =IF(F78=F76,G76,G77) -> #N/A
E81: 🔍 Detailed Op Analysis 1 - MLA (Multi-head Latent Attention)
E82: Operation | F82: Details | I82: Dimensions | O82: dtype | P82: Size(MiB) | Q82: VMEM Prefetched /Pinned
E83: 0. Activation Before Attention Layer | F83: Activation Tensor | H83: Dimension Name | I83: ( | K83: B | L83: T | M83: D | N83: ) | O83: fp8 | Q83: FALSE
H84: Global Shape | I84: ( | K84: =PARAMS(K83) -> 4096 | L84: =PARAMS(L83) -> 1 | M84: =PARAMS(M83) -> 7168 | N84: ) | P84: =SIZEOF_IN_MIB(J84:M84, $O83) -> 28 | Q84: FALSE
H85: Sharding | I85: ( | K85: model | M85: data | N85: ) | Q85: FALSE
H86: Local Shape (per-core) | I86: ( | K86: =K84/SHARDING(K85) -> 2048 | L86: =L84/SHARDING(L85) -> 1 | M86: =M84/SHARDING(M85) -> 896 | N86: ) | P86: =SIZEOF_IN_MIB(J86:M86, $O83) -> 1.75 | Q86: FALSE
E87: 1. Q Down Proj | F87: LHS | H87: Dimension Name | I87: ( | K87: B | L87: T | M87: D | N87: ) | O87: fp8 | Q87: FALSE
H88: Global Shape | I88: ( | K88: =PARAMS(K87) -> 4096 | L88: =PARAMS(L87) -> 1 | M88: =PARAMS(M87) -> 7168 | N88: ) | P88: =SIZEOF_IN_MIB(J88:M88, $O87) -> 28
H89: Sharding | I89: ( | K89: data,model | N89: )
H90: Local Shape (per-core) | I90: ( | K90: =K88/SHARDING(K89) -> 256 | L90: =L88/SHARDING(L89) -> 1 | M90: =M88/SHARDING(M89) -> 7168 | N90: ) | P90: =SIZEOF_IN_MIB(J90:M90, $O87) -> 1.75
F91: RHS | H91: Dimension Name | I91: ( | L91: D | M91: c_q | N91: ) | O91: fp8 | Q91: FALSE
H92: Global Shape | I92: ( | L92: =PARAMS(L91) -> 7168 | M92: =PARAMS(M91) -> 1536 | N92: ) | P92: =SIZEOF_IN_MIB(J92:M92, $O91) -> 10.5
H93: Sharding | I93: ( | N93: )
H94: Local Shape (per-core) | I94: ( | L94: =L92/SHARDING(L93) -> 7168 | M94: =M92/SHARDING(M93) -> 1536 | N94: ) | P94: =SIZEOF_IN_MIB(J94:M94, $O91) -> 10.5
F95: Output | H95: Dimension Name | I95: ( | K95: B | L95: T | M95: c_q | N95: ) | O95: bf16 | Q95: FALSE
H96: Global Shape | I96: ( | K96: =PARAMS(K95) -> 4096 | L96: =PARAMS(L95) -> 1 | M96: =PARAMS(M95) -> 1536 | N96: ) | P96: =SIZEOF_IN_MIB(K96:M96, $O95) -> 12
H97: Sharding | I97: ( | K97: data,model | N97: )
H98: Local Shape (per-core) | I98: ( | K98: =K96/SHARDING(K97) -> 256 | L98: =L96/SHARDING(L97) -> 1 | M98: =M96/SHARDING(M97) -> 1536 | N98: ) | P98: =SIZEOF_IN_MIB(K98:M98, $O95) -> 0.75
F99: Pre-operation Collectives | G99: Transferring Tensor | H99: Dimension Name | I99: ( | J99: {=J83:M86} | K99: B | L99: T | M99: D | N99: ) | O99: fp8
H100: Global Shape | I100: ( | K100: 4096 | L100: 1 | M100: 7168 | N100: ) | P100: =SIZEOF_IN_MIB(J100:M100, O99) -> 28
H101: Source Sharding | I101: ( | K101: model | M101: data | N101: )
H102: Source Local Shape (per-core) | I102: ( | K102: 2048 | L102: 1 | M102: 896 | N102: ) | P102: =SIZEOF_IN_MIB(J102:M102, O99) -> 1.75
H103: Target Sharding | I103: ( | N103: )
G104: Strategy A: All-Gather Tokens with no chiplet involved
G105: # of devices involved | H105: =SHARDING(K101)*SHARDING(L101)*SHARDING(M101) -> 16
...

Sheet decodeDP=16E=16
A1: Description | B1: Symbol | C1: Value | F1: Sharding (Axis Name) | G1: # of Devices | H1: Notes | Q1: Size In Bytes | T1: MXU dtype
A2: Embedding Dimension | B2: D | C2: 7168 | F2: [ ↓ Configurable Values] | Q2: fp4 | R2: 0.5 | T2: =U2&","&V2 -> fp4,fp4 | U2: fp4 | V2: fp4 | W2: fp4
A3: Hidden Dimension | B3: F | C3: 2048 | F3: model | G3: 1 | Q3: fp8 | R3: 1 | T3: =U3&","&V3 -> fp4,fp8 | U3: fp4 | V3: fp8 | W3: fp8
A4: # of experts | B4: E | C4: 256 | F4: data | G4: 16 | H4: Also used for expert sharding for MoE | Q4: bf16 | R4: 2 | T4: =U4&","&V4 -> fp4,bf16 | U4: fp4 | V4: bf16 | W4: bf16
A5: # of Layers | B5: L | C5: 61 | F5: seq | G5: 1 | T5: =U5&","&V5 -> fp8,fp4 | U5: fp8 | V5: fp4 | W5: fp8
A6: # of Dense Layers | B6: DL | C6: 3 | F6: attn_model | G6: 1 | H6: Used if attention is replicated | T6: =U6&","&V6 -> fp8,fp8 | U6: fp8 | V6: fp8 | W6: fp8
A7: # of experts to be activated per token | B7: top_k | C7: 8 | F7: [ ↓ Derived Values]
A8: The dimension of the compressed latent vector for Query | B8: c_q | C8: 1536 | F8: data,model | G8: =G4*G3 -> 16 | T8: =U8&","&V8 -> fp8,bf16 | U8: fp8 | V8: bf16 | W8: bf16
A9: The dimension of the compressed latent vector for KV | B9: c_kv | C9: 512 | F9: Total # of devices | G9: =PRODUCT(G2:G5) -> 16 | T9: =U9&","&V9 -> bf16,fp4 | U9: bf16 | V9: fp4 | W9: bf16
A10: The dimension of Non-RoPE part of the query head | B10: h_nope | C10: 128 | F10: Total # of chips | G10: =$G$9/$H$17 -> 8 | T10: =U10&","&V10 -> bf16,fp8 | U10: bf16 | V10: fp8 | W10: bf16
A11: The dimension of the RoPE part of the query head | B11: h_rope | C11: 64 | L11: TODO LIST | T11: bf16,bf16 | U11: bf16 | V11: bf16 | W11: bf16
A12: The number of Attention Heads (Query) | B12: n_q | C12: 128
A13: [ ↓ Derived parameters]
A14: h_nope+h_rope | B14: h_nope+h_rope | C14: =$C$10+$C$11 -> 192
A15: c_kv+h_rope | B15: c_kv+h_rope | C15: =$C$9+$C$11 -> 576
A16: # of Duplicated tokens (top_k times) | B16: kT | C16: =C7*$C$24 -> 8 | F16: Hardware Spec | G16: Derate Factor | H16: GhostFish (P3)
A17: # of Devices | B17: num_devices | C17: =$G$9 -> 16 | F17: {=DB!A2:A14} -> # of TensorCore per Chip | G17: 1 | H17: {=xlookup($H$16,DB!1:1,DB!2:14) * G17:G29} -> 2
A18: # of Chips | B18: num_chips | C18: =$G$10 -> 8 | F18: Per-Chip HBM-BW (GB/s) | G18: 1 | H18: 7315
A19: Assumed Topology | B19: topo | C19: =IFS(C18=8,"2x2x2",C18=4,"2x2",TRUE,NA) -> 2x2x2 | F19: Per-Chip TFLOPS (fp4) | G19: 1 | H19: 3968.04
A20: # of Links in the current topology | B20: num_links_in_topo | C20: =IFS(C19="2x2x2",12,C19="2x2",4,TRUE,NA()) -> 12 | F20: Per-Chip TFLOPS (fp8) | G20: 1 | H20: 3968.04
F21: Per-Chip TFLOPS (fp16) | G21: 1 | H21: 1984.02
A22: [ ↓ Configurable parameters] | F22: Per-Chip HBM Capacity (GiB) | G22: 0.987 | H22: 189.504
A23: Regime | B23: R | C23: Decode | F23: Per-Core HBM-BW (GB/s) | G23: 0.8 | H23: 2926
A24: Sequence Length (Q) | B24: T | C24: =IF(C23="Decode", 1, 2048) -> 1 | F24: Per-Core TFLOPS (fp4) | G24: 1 | H24: 1984.02
A25: Batch Size (power of 2) | B25: B | C25: 4096 | F25: Per-Core TFLOPS (fp8) | G25: 1 | H25: 1984.02
A26: Sequence Length (KV) | B26: S | C26: =1024+4096 -> 5120 | F26: Per-Core TFLOPS (bf16) | G26: 1 | H26: 992.01
A27: Scheduler Latency Overhead | C27: 0.15 | F27: Per-Core HBM Capacity (GiB) | G27: 0.987 | H27: 94.752
A28: Roofline Discount Rate | C28: 1 | F28: Core-to-Core ICI Bandwidth (uni, GB/s) | G28: 0.375 | H28: 600
A29: KV Cache dtype | B29: kvcache_dtype | C29: bf16 | F29: Chip-to-Chip ICI Bandwidth (uni, GB/s) | G29: 0.8 | H29: 80
A30: Flash Attention Enabled | B30: flash_attn | C30: TRUE
A32: 💡Top Line Metrics | F32: Maximum Batchsize Calculation
A33: Metric Name | B33: ="Value (" & H16 & ")" -> Value (GhostFish (P3)) | C33: Reference Value (GB200) | F33: Model Weights Dtype | G33: fp8
A34: # of Tokens | B34: =$C25*$C24 -> 4096 | C34: =492*8 -> 3936 | F34: KV Cache Dtype | G34: =C29 -> bf16
A35: # Devices | B35: =G9 -> 16 | C35: 8 | F35: Shared Expert Strategy | G35: Strategy A: All-Gather Tokens
A36: E2E Latency (s) | B36: =$G$78/1000 * $C$5 -> #N/A | C36: =0.0734 -> 0.0734 | F36: # of Model Params | G36: =671*1000000000 -> 671000000000
A37: Throughput (tokens/s) | B37: =$B$34/$B$36 -> #N/A | C37: =492/0.0733 * C35 -> 53697.135 | F37: # of Attention Params | G37: =SUM(PRODUCT(L92:M92), PRODUCT(K138:M138), PRODUCT(K157:M157), PRODUCT(L176:M176), PRODUCT(K252:M252), PRODUCT(K271:M271)) * PARAMS("L") -> 11413422080
A38: Discounted Throughput (tokens/s) | B38: =B34/(B36*(1+C27))*C28 -> #N/A
A39: Throughput (tokens/s/chip) | B39: =B38/$G$10 -> #N/A | C39: =C37/C35 -> 6712.1419 | F39: # of Non Attention Params | G39: =G36-G37 -> 659586577920
B40: =B39/C39 -> #N/A | F40: # Attention Memory (GiB) | G40: =SUM(P92, P138, P157, P176, P252, P271) * PARAMS(B5) / 1024 -> 10.629578
F41: # Model Memory (GiB) | G41: =(G39* SWITCH(G33, "fp32", 4, "bf16", 2, "fp8", 1, "fp4", 0.5)/1024^3 + G40*G9) + (G9-1) * SUM(P453, P472) * (C5-3)/1024 -> 802.20291
F42: # Per Device Model Memory (GiB) | G42: =G41/G9 -> 50.137682
A43: 💾 Memory Occupancy | F43: Usable fraction | G43: 0.9
A44: Key | B44: Value | C44: Notes | F44: Maximum Global Batch Size | G44: =(((H27 * G43 - G42)*1024^3) * G8) / (PARAMS(B26) * PAD_128(C9+C11) * SWITCH(PARAMS("kvcache_dtype"), "fp32", 4, "bf16", 2, "fp8", 1, "fp4", 0.5)*PARAMS(B5)) -> 1510.0834
A45: Attention Weights, Global (GiB) | B45: =SUM(P92,P138,P157,P176,P252,P271) * PARAMS("L") / 1024 -> 10.629578 | J45: =SUM(G43+G45+G47) -> 0.9
A46: MoE Weights, Global (GiB) | B46: =SUM($P$292,$P$381) * PARAMS("L") / 1024 -> 226.84375 | M46: =(2*129280*7168 + 3*2048*7168) -> 1897398272
A47: Other Weights, Global (GiB)
A48: KV Cache Size, Global (GiB) | B48: =SIZEOF_IN_MIB(PARAMS("B")*PARAMS("S")*PARAMS("L")*(PARAMS("c_kv")+PARAMS("h_rope")), PARAMS("kvcache_dtype"))/1024 -> 1372.5
A49: Intermediate Activation Tensors, Global (GiB) | B49: =MAX(P92,P111,P130,P149,P168,P187,P206,P225,P244,P260,P298,P345,P411,P430)/1024 -> 0.010253906
A50: TOTAL (Global) | B50: =SUM(B45:B48) -> 1609.9733 | C50: ="<=" & ($H$27 * PARAMS("num_devices")) & " (Capacity)?" -> <=1516.032 (Capacity)?
A52: Attention Weights, Local (GiB) | B52: =SUM(P94,P140,P159,P178,P254,P273) * PARAMS("L") / 1024 -> 10.629578
A53: MoE Weights, Local (GiB) | B53: =SUM(P340,P383) * PARAMS("L") / 1024 -> 40.03125
A54: Other Weights, Global (GiB)
A55: KV Cache Size, Local (GiB) | B55: =B48/PARAMS("num_devices") -> 85.78125
A56: Intermediate Activation Tensors, Local (GiB) | B56: =MAX(P94,P113,P132,P151,P170,P189,P208,P227,P246,P262,P300,P347,P413,P432)/1024 -> 0.010253906
A57: TOTAL (Local) | B57: =SUM(B52:B55) -> 136.44208 | C57: ="<=" & ($H$27) & " (Capacity)?" -> <=94.752 (Capacity)?
A59: ⚡Roofline Summary
A60: Category | B60: Op Name | C60: Memory Time (ms) | D60: Compute Time (ms) | E60: ICI Latency Time (ms) | F60: ICI BW Time (ms) | G60: Roofline Time (ms) | H60: Boundness | J60: % Roofline
A61: MLA | B61: Q Down Proj | C61: =$H$132 -> 0.0043387944 | D61: =$H$130 -> #N/A | F61: =H127 -> 0 | G61: =max(C61:F61) -> #N/A | H61: =IFS(C61=G61, "HBM", D61=G61, "Compute", E61=G61, "ICI Lt", F61=G61, "ICI BW") -> #N/A | J61: =G61/$G$76 -> #N/A
A62: MLA | B62: Q Up Proj | C62: =$H$151 -> 0.016145322 | D62: =$H$149 -> #N/A | G62: =max(C62:F62) -> #N/A | H62: =IFS(C62=G62, "HBM", D62=G62, "Compute", E62=G62, "ICI Lt", F62=G62, "ICI BW") -> #N/A | J62: =G62/$G$76 -> #N/A
A63: MLA | B63: Q Proj to K (K weight absoption) | C63: =$H$170 -> 0.01468515 | D63: =$H$168 -> #N/A | G63: =max(C63:F63) -> #N/A | H63: =IFS(C63=G63, "HBM", D63=G63, "Compute", E63=G63, "ICI Lt", F63=G63, "ICI BW") -> #N/A | J63: =G63/$G$76 -> #N/A
A64: MLA | B64: KV Down Proj | C64: =$H$189 -> 0.0019920907 | D64: =$H$187 -> #N/A | G64: =max(C64:F64) -> #N/A | H64: =IFS(C64=G64, "HBM", D64=G64, "Compute", E64=G64, "ICI Lt", F64=G64, "ICI BW") -> #N/A | J64: =G64/$G$76 -> #N/A
A65: MLA | B65: FlashAttention | C65: =SUM(C67:C69) -> 0.50330015 | D65: =SUM(D67:D69) -> #N/A | G65: =IF(PARAMS("flash_attn"),MAX(C65:F65),0) -> #N/A | H65: =IFS(G65=0,"",C65=G65, "HBM", D65=G65, "Compute", E65=G65, "ICI Lt", F65=G65, "ICI BW") -> #N/A | J65: =G65/$G$76 -> #N/A
A66: MLA | B66: VanillaAttention | G66: =IF(PARAMS("flash_attn"),0,SUM(G67:G69)) -> 0 | J66: =G66/$G$76 -> #N/A
A67: MLA | B67: |- QK (nope) | C67: =$H$208 -> 0.43788448 | D67: =$H$206 -> #N/A | G67: =max(C67:F67) -> #N/A | H67: =IFS(C67=G67, "HBM", D67=G67, "Compute", E67=G67, "ICI Lt", F67=G67, "ICI BW") -> #N/A
A68: MLA | B68: |- QK (rope) | C68: =$H$227 -> 0.05473556 | D68: =$H$225 -> #N/A | G68: =max(C68:F68) -> #N/A | H68: =IFS(C68=G68, "HBM", D68=G68, "Compute", E68=G68, "ICI Lt", F68=G68, "ICI BW") -> #N/A
A69: MLA | B69: |- AV | C69: =$H$246 -> 0.010680109 | D69: =$H$244 -> #N/A | G69: =max(C69:F69) -> #N/A | H69: =IFS(C69=G69, "HBM", D69=G69, "Compute", E69=G69, "ICI Lt", F69=G69, "ICI BW") -> #N/A
A70: MLA | B70: V Up Proj (Weight Absorption) | C70: =H265 -> 0.010680109 | D70: =H263 -> #N/A | G70: =max(C70:F70) -> #N/A | H70: =IFS(C70=G70, "HBM", D70=G70, "Compute", E70=G70, "ICI Lt", F70=G70, "ICI BW") -> #N/A | J70: =G70/$G$76 -> #N/A
A71: MLA | B71: O Proj | C71: =H284 -> 0.039883533 | D71: =H282 -> #N/A | G71: =max(C71:F71) -> #N/A | H71: =IFS(C71=G71, "HBM", D71=G71, "Compute", E71=G71, "ICI Lt", F71=G71, "ICI BW") -> #N/A | J71: =G71/$G$76 -> #N/A
A72: MoE | B72: Dispatch | F72: =$H$332 -> 0.10253906 | G72: =max(C72:F72) -> 0.10253906 | H72: =IFS(C72=G72, "HBM", D72=G72, "Compute", E72=G72, "ICI Lt", F72=G72, "ICI BW") -> ICI BW | J72: =G72/$G$76 -> #N/A
A73: MoE | B73: Gating x 2 + Act | C73: =$H$375 -> 0.15686411 | D73: =$H$373 -> #N/A | F73: =$H$370 -> 0 | G73: =max(C73:F73) -> #N/A | H73: =IFS(C73=G73, "HBM", D73=G73, "Compute", E73=G73, "ICI Lt", F73=G73, "ICI BW") -> #N/A | J73: =G73/$G$76 -> #N/A
A74: MoE | B74: Linear | C74: =$H$405 -> 0.085440875 | D74: =$H$403 -> #N/A | F74: =$H$400 -> 0 | G74: =max(C74:F74) -> #N/A | H74: =IFS(C74=G74, "HBM", D74=G74, "Compute", E74=G74, "ICI Lt", F74=G74, "ICI BW") -> #N/A | J74: =G74/$G$76 -> #N/A
A75: MoE | B75: Collect | F75: =$H$442 -> 0.20507812 | G75: =max(C75:F75) -> 0.20507812 | H75: =IFS(C75=G75, "HBM", D75=G75, "Compute", E75=G75, "ICI Lt", F75=G75, "ICI BW") -> ICI BW | J75: =G75/$G$76 -> #N/A
E76: Overlapping Strategy | F76: OptionA. No Overlapping | G76: =SUM(G61:G66,G70:G75) -> #N/A | J76: =G76/$G$76 -> #N/A
F77: OptionB. Overlapping Expert Collectives | G77: =SUM(G61:G66,G70:G71)+MAX(G72:G73)+MAX(G74:G75) -> #N/A
A78: TOTAL | E78: Selected Strategy | F78: OptionA. No Overlapping | G78: =IF(F78=F76,G76,G77) -> #N/A
E81: 🔍 Detailed Op Analysis 1 - MLA (Multi-head Latent Attention)
E82: Operation | F82: Details | I82: Dimensions | O82: dtype | P82: Size(MiB) | Q82: VMEM Prefetched /Pinned
E83: 0. Activation Before Attention Layer | F83: Activation Tensor | H83: Dimension Name | I83: ( | K83: B | L83: T | M83: D | N83: ) | O83: fp8
H84: Global Shape | I84: ( | K84: =PARAMS(K83) -> 4096 | L84: =PARAMS(L83) -> 1 | M84: =PARAMS(M83) -> 7168 | N84: ) | P84: =SIZEOF_IN_MIB(J84:M84, $O83) -> 28
H85: Sharding | I85: ( | K85: data,model | N85: )
H86: Local Shape (per-core) | I86: ( | K86: =K84/SHARDING(K85) -> 256 | L86: =L84/SHARDING(L85) -> 1 | M86: =M84/SHARDING(M85) -> 7168 | N86: ) | P86: =SIZEOF_IN_MIB(J86:M86, $O83) -> 1.75
E87: 1. Q Down Proj | F87: LHS | H87: Dimension Name | I87: ( | K87: B | L87: T | M87: D | N87: ) | O87: fp8 | Q87: FALSE
H88: Global Shape | I88: ( | K88: =PARAMS(K87) -> 4096 | L88: =PARAMS(L87) -> 1 | M88: =PARAMS(M87) -> 7168 | N88: ) | P88: =SIZEOF_IN_MIB(J88:M88, $O87) -> 28
H89: Sharding | I89: ( | K89: data,model | N89: )
H90: Local Shape (per-core) | I90: ( | K90: =K88/SHARDING(K89) -> 256 | L90: =L88/SHARDING(L89) -> 1 | M90: =M88/SHARDING(M89) -> 7168 | N90: ) | P90: =SIZEOF_IN_MIB(J90:M90, $O87) -> 1.75
F91: RHS | H91: Dimension Name | I91: ( | L91: D | M91: c_q | N91: ) | O91: fp8 | Q91: FALSE
H92: Global Shape | I92: ( | L92: =PARAMS(L91) -> 7168 | M92: =PARAMS(M91) -> 1536 | N92: ) | P92: =SIZEOF_IN_MIB(J92:M92, $O91) -> 10.5
H93: Sharding | I93: ( | N93: )
H94: Local Shape (per-core) | I94: ( | L94: =L92/SHARDING(L93) -> 7168 | M94: =M92/SHARDING(M93) -> 1536 | N94: ) | P94: =SIZEOF_IN_MIB(J94:M94, $O91) -> 10.5
F95: Output | H95: Dimension Name | I95: ( | K95: B | L95: T | M95: c_q | N95: ) | O95: bf16 | Q95: FALSE
H96: Global Shape | I96: ( | K96: =PARAMS(K95) -> 4096 | L96: =PARAMS(L95) -> 1 | M96: =PARAMS(M95) -> 1536 | N96: ) | P96: =SIZEOF_IN_MIB(K96:M96, $O95) -> 12
H97: Sharding | I97: ( | K97: data,model | N97: )
H98: Local Shape (per-core) | I98: ( | K98: =K96/SHARDING(K97) -> 256 | L98: =L96/SHARDING(L97) -> 1 | M98: =M96/SHARDING(M97) -> 1536 | N98: ) | P98: =SIZEOF_IN_MIB(K98:M98, $O95) -> 0.75
F99: Pre-operation Collectives | G99: Transferring Tensor | H99: Dimension Name | I99: ( | J99: {=J83:M86} | K99: B | L99: T | M99: D | N99: ) | O99: fp8
H100: Global Shape | I100: ( | K100: 4096 | L100: 1 | M100: 7168 | N100: ) | P100: =SIZEOF_IN_MIB(J100:M100, O99) -> 28
H101: Source Sharding | I101: ( | K101: data,model | N101: )
H102: Source Local Shape (per-core) | I102: ( | K102: 256 | L102: 1 | M102: 7168 | N102: ) | P102: =SIZEOF_IN_MIB(J102:M102, O99) -> 1.75
H103: Target Sharding | I103: ( | N103: )
G104: Strategy A: All-Gather Tokens with no chiplet involved
G105: # of devices involved | H105: =SHARDING(K101)*SHARDING(L101)*SHARDING(M101) -> 16
...

Sheet decodeDP=16F=8D=2
A1: Description | B1: Symbol | C1: Value | F1: Sharding (Axis Name) | G1: # of Devices | H1: Notes | Q1: Size In Bytes | T1: MXU dtype
A2: Embedding Dimension | B2: D | C2: 7168 | F2: [ ↓ Configurable Values] | Q2: fp4 | R2: 0.5 | T2: =U2&","&V2 -> fp4,fp4 | U2: fp4 | V2: fp4 | W2: fp4
A3: Hidden Dimension | B3: F | C3: 2048 | F3: model | G3: 8 | Q3: fp8 | R3: 1 | T3: =U3&","&V3 -> fp4,fp8 | U3: fp4 | V3: fp8 | W3: fp8
A4: # of experts | B4: E | C4: 256 | F4: data | G4: 2 | H4: Also used for expert sharding for MoE | Q4: bf16 | R4: 2 | T4: =U4&","&V4 -> fp4,bf16 | U4: fp4 | V4: bf16 | W4: bf16
A5: # of Layers | B5: L | C5: 61 | F5: seq | G5: 1 | T5: =U5&","&V5 -> fp8,fp4 | U5: fp8 | V5: fp4 | W5: fp8
A6: # of Dense Layers | B6: DL | C6: 3 | F6: attn_model | G6: 1 | H6: Used if attention is replicated | T6: =U6&","&V6 -> fp8,fp8 | U6: fp8 | V6: fp8 | W6: fp8
A7: # of experts to be activated per token | B7: top_k | C7: 8 | F7: [ ↓ Derived Values]
A8: The dimension of the compressed latent vector for Query | B8: c_q | C8: 1536 | F8: data,model | G8: =G4*G3 -> 16 | T8: =U8&","&V8 -> fp8,bf16 | U8: fp8 | V8: bf16 | W8: bf16
A9: The dimension of the compressed latent vector for KV | B9: c_kv | C9: 512 | F9: Total # of devices | G9: =PRODUCT(G2:G5) -> 16 | T9: =U9&","&V9 -> bf16,fp4 | U9: bf16 | V9: fp4 | W9: bf16
A10: The dimension of Non-RoPE part of the query head | B10: h_nope | C10: 128 | F10: Total # of chips | G10: =$G$9/$H$17 -> 8 | T10: =U10&","&V10 -> bf16,fp8 | U10: bf16 | V10: fp8 | W10: bf16
A11: The dimension of the RoPE part of the query head | B11: h_rope | C11: 64 | L11: TODO LIST | T11: bf16,bf16 | U11: bf16 | V11: bf16 | W11: bf16
A12: The number of Attention Heads (Query) | B12: n_q | C12: 128
A13: [ ↓ Derived parameters]
A14: h_nope+h_rope | B14: h_nope+h_rope | C14: =$C$10+$C$11 -> 192
A15: c_kv+h_rope | B15: c_kv+h_rope | C15: =$C$9+$C$11 -> 576
A16: # of Duplicated tokens (top_k times) | B16: kT | C16: =C7*$C$24 -> 8 | F16: Hardware Spec | G16: Derate Factor | H16: GhostFish (P3)
A17: # of Devices | B17: num_devices | C17: =$G$9 -> 16 | F17: {=DB!A2:A14} -> # of TensorCore per Chip | G17: 1 | H17: {=xlookup($H$16,DB!1:1,DB!2:14) * G17:G29} -> 2
A18: # of Chips | B18: num_chips | C18: =$G$10 -> 8 | F18: Per-Chip HBM-BW (GB/s) | G18: 1 | H18: 7315
A19: Assumed Topology | B19: topo | C19: =IFS(C18=8,"2x2x2",C18=4,"2x2",TRUE,NA) -> 2x2x2 | F19: Per-Chip TFLOPS (fp4) | G19: 1 | H19: 3968.04
A20: # of Links in the current topology | B20: num_links_in_topo | C20: =IFS(C19="2x2x2",12,C19="2x2",4,TRUE,NA()) -> 12 | F20: Per-Chip TFLOPS (fp8) | G20: 1 | H20: 3968.04
F21: Per-Chip TFLOPS (fp16) | G21: 1 | H21: 1984.02
A22: [ ↓ Configurable parameters] | F22: Per-Chip HBM Capacity (GiB) | G22: 0.987 | H22: 189.504
A23: Regime | B23: R | C23: Decode | F23: Per-Core HBM-BW (GB/s) | G23: 0.8 | H23: 2926
A24: Sequence Length (Q) | B24: T | C24: =IF(C23="Decode", 1, 2048) -> 1 | F24: Per-Core TFLOPS (fp4) | G24: 1 | H24: 1984.02
A25: Batch Size (power of 2) | B25: B | C25: 4096 | F25: Per-Core TFLOPS (fp8) | G25: 1 | H25: 1984.02
A26: Sequence Length (KV) | B26: S | C26: =1024+4096 -> 5120 | F26: Per-Core TFLOPS (bf16) | G26: 1 | H26: 992.01
A27: Scheduler Latency Overhead | C27: 0.15 | F27: Per-Core HBM Capacity (GiB) | G27: 0.987 | H27: 94.752
A28: Roofline Discount Rate | C28: 1 | F28: Core-to-Core ICI Bandwidth (uni, GB/s) | G28: 0.375 | H28: 600
A29: KV Cache dtype | B29: kvcache_dtype | C29: bf16 | F29: Chip-to-Chip ICI Bandwidth (uni, GB/s) | G29: 0.8 | H29: 80
A30: Flash Attention Enabled | B30: flash_attn | C30: TRUE
A32: 💡Top Line Metrics | F32: Maximum Batchsize Calculation
A33: Metric Name | B33: ="Value (" & H16 & ")" -> Value (GhostFish (P3)) | C33: Reference Value (GB200) | F33: Model Weights Dtype | G33: fp8
A34: # of Tokens | B34: =$C25*$C24 -> 4096 | C34: =492*8 -> 3936 | F34: KV Cache Dtype | G34: =C29 -> bf16
A35: # Devices | B35: =G9 -> 16 | C35: 8 | F35: Shared Expert Strategy | G35: Strategy A: All-Gather Tokens
A36: E2E Latency (s) | B36: =$G$78/1000 * $C$5 -> #N/A | C36: =0.0734 -> 0.0734 | F36: # of Model Params | G36: =671*1000000000 -> 671000000000
A37: Throughput (tokens/s) | B37: =$B$34/$B$36 -> #N/A | C37: =492/0.0733 * C35 -> 53697.135 | F37: # of Attention Params | G37: =SUM(PRODUCT(L92:M92), PRODUCT(K138:M138), PRODUCT(K157:M157), PRODUCT(L176:M176), PRODUCT(K252:M252), PRODUCT(K271:M271)) * PARAMS("L") -> 11413422080
A38: Discounted Throughput (tokens/s) | B38: =B34/(B36*(1+C27))*C28 -> #N/A
A39: Throughput (tokens/s/chip) | B39: =B38/$G$10 -> #N/A | C39: =C37/C35 -> 6712.1419 | F39: # of Non Attention Params | G39: =G36-G37 -> 659586577920
F40: # Attention Memory (GiB) | G40: =SUM(P92, P138, P157, P176, P252, P271) * PARAMS(B5) / 1024 -> 10.629578
F41: # Model Memory (GiB) | G41: =(G39* SWITCH(G33, "fp32", 4, "bf16", 2, "fp8", 1, "fp4", 0.5)/1024^3 + G40*G9) + (G9-1) * SUM(P453, P472) * (C5-3)/1024 -> 802.20291
F42: # Per Device Model Memory (GiB) | G42: =G41/G9 -> 50.137682
A43: 💾 Memory Occupancy | F43: Usable fraction | G43: 0.9
A44: Key | B44: Value | C44: Notes | F44: Maximum Global Batch Size | G44: =(((H27 * G43 - G42)*1024^3) * G8) / (PARAMS(B26) * PAD_128(C9+C11) * SWITCH(PARAMS("kvcache_dtype"), "fp32", 4, "bf16", 2, "fp8", 1, "fp4", 0.5)*PARAMS(B5)) -> 1510.0834
A45: Attention Weights, Global (GiB) | B45: =SUM(P92,P138,P157,P176,P252,P271) * PARAMS("L") / 1024 -> 10.629578 | J45: =SUM(G43+G45+G47) -> 0.9
A46: MoE Weights, Global (GiB) | B46: =SUM($P$292,$P$381) * PARAMS("L") / 1024 -> 226.84375 | M46: =(2*129280*7168 + 3*2048*7168) -> 1897398272
A47: Other Weights, Global (GiB)
A48: KV Cache Size, Global (GiB) | B48: =SIZEOF_IN_MIB(PARAMS("B")*PARAMS("S")*PARAMS("L")*(PARAMS("c_kv")+PARAMS("h_rope")), PARAMS("kvcache_dtype"))/1024 -> 1372.5
A49: Intermediate Activation Tensors, Global (GiB) | B49: =MAX(P92,P111,P130,P149,P168,P187,P206,P225,P244,P260,P298,P345,P411,P430)/1024 -> 0.010253906
A50: TOTAL (Global) | B50: =SUM(B45:B48) -> 1609.9733 | C50: ="<=" & ($H$27 * PARAMS("num_devices")) & " (Capacity)?" -> <=1516.032 (Capacity)?
A52: Attention Weights, Local (GiB) | B52: =SUM(P94,P140,P159,P178,P254,P273) * PARAMS("L") / 1024 -> 10.629578
A53: MoE Weights, Local (GiB) | B53: =SUM(P340,P383) * PARAMS("L") / 1024 -> 40.03125
A54: Other Weights, Global (GiB)
A55: KV Cache Size, Local (GiB) | B55: =B48/PARAMS("num_devices") -> 85.78125
A56: Intermediate Activation Tensors, Local (GiB) | B56: =MAX(P94,P113,P132,P151,P170,P189,P208,P227,P246,P262,P300,P347,P413,P432)/1024 -> 0.010253906
A57: TOTAL (Local) | B57: =SUM(B52:B55) -> 136.44208 | C57: ="<=" & ($H$27) & " (Capacity)?" -> <=94.752 (Capacity)?
A59: ⚡Roofline Summary
A60: Category | B60: Op Name | C60: Memory Time (ms) | D60: Compute Time (ms) | E60: ICI Latency Time (ms) | F60: ICI BW Time (ms) | G60: Roofline Time (ms) | H60: Boundness | J60: % Roofline
A61: MLA | B61: Q Down Proj | C61: =$H$132 -> 0.0043387944 | D61: =$H$130 -> #N/A | F61: =H127 -> 0.19955953 | G61: =max(C61:F61) -> #N/A | H61: =IFS(C61=G61, "HBM", D61=G61, "Compute", E61=G61, "ICI Lt", F61=G61, "ICI BW") -> #N/A | J61: =G61/$G$76 -> #N/A
A62: MLA | B62: Q Up Proj | C62: =$H$151 -> 0.016145322 | D62: =$H$149 -> #N/A | G62: =max(C62:F62) -> #N/A | H62: =IFS(C62=G62, "HBM", D62=G62, "Compute", E62=G62, "ICI Lt", F62=G62, "ICI BW") -> #N/A | J62: =G62/$G$76 -> #N/A
A63: MLA | B63: Q Proj to K (K weight absoption) | C63: =$H$170 -> 0.01468515 | D63: =$H$168 -> #N/A | G63: =max(C63:F63) -> #N/A | H63: =IFS(C63=G63, "HBM", D63=G63, "Compute", E63=G63, "ICI Lt", F63=G63, "ICI BW") -> #N/A | J63: =G63/$G$76 -> #N/A
A64: MLA | B64: KV Down Proj | C64: =$H$189 -> 0.0019920907 | D64: =$H$187 -> #N/A | G64: =max(C64:F64) -> #N/A | H64: =IFS(C64=G64, "HBM", D64=G64, "Compute", E64=G64, "ICI Lt", F64=G64, "ICI BW") -> #N/A | J64: =G64/$G$76 -> #N/A
A65: MLA | B65: FlashAttention | C65: =SUM(C67:C69) -> 0.50330015 | D65: =SUM(D67:D69) -> #N/A | G65: =IF(PARAMS("flash_attn"),MAX(C65:F65),0) -> #N/A | H65: =IFS(G65=0,"",C65=G65, "HBM", D65=G65, "Compute", E65=G65, "ICI Lt", F65=G65, "ICI BW") -> #N/A | J65: =G65/$G$76 -> #N/A
A66: MLA | B66: VanillaAttention | G66: =IF(PARAMS("flash_attn"),0,SUM(G67:G69)) -> 0 | J66: =G66/$G$76 -> #N/A
A67: MLA | B67: |- QK (nope) | C67: =$H$208 -> 0.43788448 | D67: =$H$206 -> #N/A | G67: =max(C67:F67) -> #N/A | H67: =IFS(C67=G67, "HBM", D67=G67, "Compute", E67=G67, "ICI Lt", F67=G67, "ICI BW") -> #N/A
A68: MLA | B68: |- QK (rope) | C68: =$H$227 -> 0.05473556 | D68: =$H$225 -> #N/A | G68: =max(C68:F68) -> #N/A | H68: =IFS(C68=G68, "HBM", D68=G68, "Compute", E68=G68, "ICI Lt", F68=G68, "ICI BW") -> #N/A
A69: MLA | B69: |- AV | C69: =$H$246 -> 0.010680109 | D69: =$H$244 -> #N/A | G69: =max(C69:F69) -> #N/A | H69: =IFS(C69=G69, "HBM", D69=G69, "Compute", E69=G69, "ICI Lt", F69=G69, "ICI BW") -> #N/A
A70: MLA | B70: V Up Proj (Weight Absorption) | C70: =H265 -> 0.010680109 | D70: =H263 -> #N/A | G70: =max(C70:F70) -> #N/A | H70: =IFS(C70=G70, "HBM", D70=G70, "Compute", E70=G70, "ICI Lt", F70=G70, "ICI BW") -> #N/A | J70: =G70/$G$76 -> #N/A
A71: MLA | B71: O Proj | C71: =H284 -> 0.039883533 | D71: =H282 -> #N/A | G71: =max(C71:F71) -> #N/A | H71: =IFS(C71=G71, "HBM", D71=G71, "Compute", E71=G71, "ICI Lt", F71=G71, "ICI BW") -> #N/A | J71: =G71/$G$76 -> #N/A
A72: MoE | B72: Dispatch | F72: =$H$332 -> 0.10253906 | G72: =max(C72:F72) -> 0.10253906 | H72: =IFS(C72=G72, "HBM", D72=G72, "Compute", E72=G72, "ICI Lt", F72=G72, "ICI BW") -> ICI BW | J72: =G72/$G$76 -> #N/A
A73: MoE | B73: Gating x 2 + Act | C73: =$H$375 -> 0.19224197 | D73: =$H$373 -> #N/A | F73: =$H$370 -> 0.0390625 | G73: =max(C73:F73) -> #N/A | H73: =IFS(C73=G73, "HBM", D73=G73, "Compute", E73=G73, "ICI Lt", F73=G73, "ICI BW") -> #N/A | J73: =G73/$G$76 -> #N/A
A74: MoE | B74: Linear | C74: =$H$405 -> 0.15219156 | D74: =$H$403 -> #N/A | F74: =$H$400 -> 0 | G74: =max(C74:F74) -> #N/A | H74: =IFS(C74=G74, "HBM", D74=G74, "Compute", E74=G74, "ICI Lt", F74=G74, "ICI BW") -> #N/A | J74: =G74/$G$76 -> #N/A
A75: MoE | B75: Collect | F75: =$H$442 -> 0.19938151 | G75: =max(C75:F75) -> 0.19938151 | H75: =IFS(C75=G75, "HBM", D75=G75, "Compute", E75=G75, "ICI Lt", F75=G75, "ICI BW") -> ICI BW | J75: =G75/$G$76 -> #N/A
E76: Overlapping Strategy | F76: OptionA. No Overlapping | G76: =SUM(G61:G66,G70:G75) -> #N/A | J76: =G76/$G$76 -> #N/A
F77: OptionB. Overlapping Expert Collectives | G77: =SUM(G61:G66,G70:G71)+MAX(G72:G73)+MAX(G74:G75) -> #N/A
A78: TOTAL | E78: Selected Strategy | F78: OptionA. No Overlapping | G78: =IF(F78=F76,G76,G77) -> #N/A
E81: 🔍 Detailed Op Analysis 1 - MLA (Multi-head Latent Attention)
E82: Operation | F82: Details | I82: Dimensions | O82: dtype | P82: Size(MiB) | Q82: VMEM Prefetched /Pinned
E83: 0. Activation Before Attention Layer | F83: Activation Tensor | H83: Dimension Name | I83: ( | K83: B | L83: T | M83: D | N83: ) | O83: fp8 | Q83: FALSE
H84: Global Shape | I84: ( | K84: =PARAMS(K83) -> 4096 | L84: =PARAMS(L83) -> 1 | M84: =PARAMS(M83) -> 7168 | N84: ) | P84: =SIZEOF_IN_MIB(J84:M84, $O83) -> 28 | Q84: FALSE
H85: Sharding | I85: ( | K85: model | M85: data | N85: ) | Q85: FALSE
H86: Local Shape (per-core) | I86: ( | K86: =K84/SHARDING(K85) -> 512 | L86: =L84/SHARDING(L85) -> 1 | M86: =M84/SHARDING(M85) -> 3584 | N86: ) | P86: =SIZEOF_IN_MIB(J86:M86, $O83) -> 1.75 | Q86: FALSE
E87: 1. Q Down Proj | F87: LHS | H87: Dimension Name | I87: ( | K87: B | L87: T | M87: D | N87: ) | O87: fp8 | Q87: FALSE
H88: Global Shape | I88: ( | K88: =PARAMS(K87) -> 4096 | L88: =PARAMS(L87) -> 1 | M88: =PARAMS(M87) -> 7168 | N88: ) | P88: =SIZEOF_IN_MIB(J88:M88, $O87) -> 28
H89: Sharding | I89: ( | K89: data,model | N89: )
H90: Local Shape (per-core) | I90: ( | K90: =K88/SHARDING(K89) -> 256 | L90: =L88/SHARDING(L89) -> 1 | M90: =M88/SHARDING(M89) -> 7168 | N90: ) | P90: =SIZEOF_IN_MIB(J90:M90, $O87) -> 1.75
F91: RHS | H91: Dimension Name | I91: ( | L91: D | M91: c_q | N91: ) | O91: fp8 | Q91: FALSE
H92: Global Shape | I92: ( | L92: =PARAMS(L91) -> 7168 | M92: =PARAMS(M91) -> 1536 | N92: ) | P92: =SIZEOF_IN_MIB(J92:M92, $O91) -> 10.5
H93: Sharding | I93: ( | N93: )
H94: Local Shape (per-core) | I94: ( | L94: =L92/SHARDING(L93) -> 7168 | M94: =M92/SHARDING(M93) -> 1536 | N94: ) | P94: =SIZEOF_IN_MIB(J94:M94, $O91) -> 10.5
F95: Output | H95: Dimension Name | I95: ( | K95: B | L95: T | M95: c_q | N95: ) | O95: bf16 | Q95: FALSE
H96: Global Shape | I96: ( | K96: =PARAMS(K95) -> 4096 | L96: =PARAMS(L95) -> 1 | M96: =PARAMS(M95) -> 1536 | N96: ) | P96: =SIZEOF_IN_MIB(K96:M96, $O95) -> 12
H97: Sharding | I97: ( | K97: data,model | N97: )
H98: Local Shape (per-core) | I98: ( | K98: =K96/SHARDING(K97) -> 256 | L98: =L96/SHARDING(L97) -> 1 | M98: =M96/SHARDING(M97) -> 1536 | N98: ) | P98: =SIZEOF_IN_MIB(K98:M98, $O95) -> 0.75
F99: Pre-operation Collectives | G99: Transferring Tensor | H99: Dimension Name | I99: ( | J99: {=J83:M86} | K99: B | L99: T | M99: D | N99: ) | O99: fp8
H100: Global Shape | I100: ( | K100: 4096 | L100: 1 | M100: 7168 | N100: ) | P100: =SIZEOF_IN_MIB(J100:M100, O99) -> 28
H101: Source Sharding | I101: ( | K101: model | M101: data | N101: )
H102: Source Local Shape (per-core) | I102: ( | K102: 512 | L102: 1 | M102: 3584 | N102: ) | P102: =SIZEOF_IN_MIB(J102:M102, O99) -> 1.75
H103: Target Sharding | I103: ( | N103: )
G104: Strategy A: All-Gather Tokens with no chiplet involved
G105: # of devices involved | H105: =SHARDING(K101)*SHARDING(L101)*SHARDING(M101) -> 16
...

Sheet decodeDP=16F=8D=2v2
A1: Description | B1: Symbol | C1: Value | F1: Sharding (Axis Name) | G1: # of Devices | H1: Notes | Q1: Size In Bytes | T1: MXU dtype
A2: Embedding Dimension | B2: D | C2: 7168 | F2: [ ↓ Configurable Values] | Q2: fp4 | R2: 0.5 | T2: =U2&","&V2 -> fp4,fp4 | U2: fp4 | V2: fp4 | W2: fp4
A3: Hidden Dimension | B3: F | C3: 2048 | F3: model | G3: 8 | Q3: fp8 | R3: 1 | T3: =U3&","&V3 -> fp4,fp8 | U3: fp4 | V3: fp8 | W3: fp8
A4: # of experts | B4: E | C4: 256 | F4: data | G4: 2 | H4: Also used for expert sharding for MoE | Q4: bf16 | R4: 2 | T4: =U4&","&V4 -> fp4,bf16 | U4: fp4 | V4: bf16 | W4: bf16
A5: # of Layers | B5: L | C5: 61 | F5: seq | G5: 1 | T5: =U5&","&V5 -> fp8,fp4 | U5: fp8 | V5: fp4 | W5: fp8
A6: # of Dense Layers | B6: DL | C6: 3 | F6: attn_model | G6: 1 | H6: Used if attention is replicated | T6: =U6&","&V6 -> fp8,fp8 | U6: fp8 | V6: fp8 | W6: fp8
A7: # of experts to be activated per token | B7: top_k | C7: 8 | F7: [ ↓ Derived Values]
A8: The dimension of the compressed latent vector for Query | B8: c_q | C8: 1536 | F8: data,model | G8: =G4*G3 -> 16 | T8: =U8&","&V8 -> fp8,bf16 | U8: fp8 | V8: bf16 | W8: bf16
A9: The dimension of the compressed latent vector for KV | B9: c_kv | C9: 512 | F9: Total # of devices | G9: =PRODUCT(G2:G5) -> 16 | T9: =U9&","&V9 -> bf16,fp4 | U9: bf16 | V9: fp4 | W9: bf16
A10: The dimension of Non-RoPE part of the query head | B10: h_nope | C10: 128 | F10: Total # of chips | G10: =$G$9/$H$17 -> 8 | T10: =U10&","&V10 -> bf16,fp8 | U10: bf16 | V10: fp8 | W10: bf16
A11: The dimension of the RoPE part of the query head | B11: h_rope | C11: 64 | L11: TODO LIST | T11: bf16,bf16 | U11: bf16 | V11: bf16 | W11: bf16
A12: The number of Attention Heads (Query) | B12: n_q | C12: 128
A13: [ ↓ Derived parameters]
A14: h_nope+h_rope | B14: h_nope+h_rope | C14: =$C$10+$C$11 -> 192
A15: c_kv+h_rope | B15: c_kv+h_rope | C15: =$C$9+$C$11 -> 576
A16: # of Duplicated tokens (top_k times) | B16: kT | C16: =C7*$C$24 -> 8 | F16: Hardware Spec | G16: Derate Factor | H16: GhostFish (P3)
A17: # of Devices | B17: num_devices | C17: =$G$9 -> 16 | F17: {=DB!A2:A14} -> # of TensorCore per Chip | G17: 1 | H17: {=xlookup($H$16,DB!1:1,DB!2:14) * G17:G29} -> 2
A18: # of Chips | B18: num_chips | C18: =$G$10 -> 8 | F18: Per-Chip HBM-BW (GB/s) | G18: 1 | H18: 7315
A19: Assumed Topology | B19: topo | C19: =IFS(C18=8,"2x2x2",C18=4,"2x2",TRUE,NA) -> 2x2x2 | F19: Per-Chip TFLOPS (fp4) | G19: 1 | H19: 3968.04
A20: # of Links in the current topology | B20: num_links_in_topo | C20: =IFS(C19="2x2x2",12,C19="2x2",4,TRUE,NA()) -> 12 | F20: Per-Chip TFLOPS (fp8) | G20: 1 | H20: 3968.04
F21: Per-Chip TFLOPS (fp16) | G21: 1 | H21: 1984.02
A22: [ ↓ Configurable parameters] | F22: Per-Chip HBM Capacity (GiB) | G22: 0.987 | H22: 189.504
A23: Regime | B23: R | C23: Decode | F23: Per-Core HBM-BW (GB/s) | G23: 0.8 | H23: 2926
A24: Sequence Length (Q) | B24: T | C24: =IF(C23="Decode", 1, 2048) -> 1 | F24: Per-Core TFLOPS (fp4) | G24: 1 | H24: 1984.02
A25: Batch Size (power of 2) | B25: B | C25: =2^INT(LOG(G44, 2)) -> 1024 | F25: Per-Core TFLOPS (fp8) | G25: 1 | H25: 1984.02
A26: Sequence Length (KV) | B26: S | C26: =1024+4096 -> 5120 | F26: Per-Core TFLOPS (bf16) | G26: 1 | H26: 992.01
A27: Scheduler Latency Overhead | C27: 0.15 | F27: Per-Core HBM Capacity (GiB) | G27: 0.987 | H27: 94.752
A28: Roofline Discount Rate | C28: 1 | F28: Core-to-Core ICI Bandwidth (uni, GB/s) | G28: 0.375 | H28: 600
A29: KV Cache dtype | B29: kvcache_dtype | C29: bf16 | F29: Chip-to-Chip ICI Bandwidth (uni, GB/s) | G29: 0.8 | H29: 80
A30: Flash Attention Enabled | B30: flash_attn | C30: TRUE
A32: 💡Top Line Metrics | F32: Maximum Batchsize Calculation
A33: Metric Name | B33: ="Value (" & H16 & ")" -> Value (GhostFish (P3)) | C33: Reference Value (GB200) | F33: Model Weights Dtype | G33: fp8
A34: # of Tokens | B34: =$C25*$C24 -> 1024 | C34: =492*8 -> 3936 | F34: KV Cache Dtype | G34: =C29 -> bf16
A35: # Devices | B35: =G9 -> 16 | C35: 8 | F35: Shared Expert Strategy | G35: Strategy A: All-Gather Tokens
A36: E2E Latency (s) | B36: =$G$78/1000 * $C$5 -> #N/A | C36: =0.0734 -> 0.0734 | F36: # of Model Params | G36: =671*1000000000 -> 671000000000
A37: Throughput (tokens/s) | B37: =$B$34/$B$36 -> #N/A | C37: =492/0.0733 * C35 -> 53697.135 | F37: # of Attention Params | G37: =SUM(PRODUCT(L92:M92), PRODUCT(K138:M138), PRODUCT(K157:M157), PRODUCT(L176:M176), PRODUCT(K252:M252), PRODUCT(K271:M271)) * PARAMS("L") -> 11413422080
A38: Discounted Throughput (tokens/s) | B38: =B34/(B36*(1+C27))*C28 -> #N/A
A39: Throughput (tokens/s/chip) | B39: =B38/$G$10 -> #N/A | C39: =C37/C35 -> 6712.1419 | F39: # of Non Attention Params | G39: =G36-G37 -> 659586577920
F40: # Attention Memory (GiB) | G40: =SUM(P92, P138, P157, P176, P252, P271) * PARAMS(B5) / 1024 -> 10.629578
F41: # Model Memory (GiB) | G41: =(G39* SWITCH(G33, "fp32", 4, "bf16", 2, "fp8", 1, "fp4", 0.5)/1024^3 + G40*G9) + (G9-1) * SUM(P453, P472) * (C5-3)/1024 -> 802.20291
F42: # Per Device Model Memory (GiB) | G42: =G41/G9 -> 50.137682
A43: 💾 Memory Occupancy | F43: Usable fraction | G43: 0.9
A44: Key | B44: Value | C44: Notes | F44: Maximum Global Batch Size | G44: =(((H27 * G43 - G42)*1024^3) * G8) / (PARAMS(B26) * PAD_128(C9+C11) * SWITCH(PARAMS("kvcache_dtype"), "fp32", 4, "bf16", 2, "fp8", 1, "fp4", 0.5)*PARAMS(B5)) -> 1510.0834
A45: Attention Weights, Global (GiB) | B45: =SUM(P92,P138,P157,P176,P252,P271) * PARAMS("L") / 1024 -> 10.629578 | J45: =SUM(G43+G45+G47) -> 0.9
A46: MoE Weights, Global (GiB) | B46: =SUM($P$292,$P$381) * PARAMS("L") / 1024 -> 216.83594 | M46: =(2*129280*7168 + 3*2048*7168) -> 1897398272
A47: Other Weights, Global (GiB)
A48: KV Cache Size, Global (GiB) | B48: =SIZEOF_IN_MIB(PARAMS("B")*PARAMS("S")*PARAMS("L")*(PARAMS("c_kv")+PARAMS("h_rope")), PARAMS("kvcache_dtype"))/1024 -> 343.125
A49: Intermediate Activation Tensors, Global (GiB) | B49: =MAX(P92,P111,P130,P149,P168,P187,P206,P225,P244,P260,P298,P345,P411,P430)/1024 -> 0.010253906
A50: TOTAL (Global) | B50: =SUM(B45:B48) -> 570.59052 | C50: ="<=" & ($H$27 * PARAMS("num_devices")) & " (Capacity)?" -> <=1516.032 (Capacity)?
A52: Attention Weights, Local (GiB) | B52: =SUM(P94,P140,P159,P178,P254,P273) * PARAMS("L") / 1024 -> 10.629578
A53: MoE Weights, Local (GiB) | B53: =SUM(P340,P383) * PARAMS("L") / 1024 -> 40.03125
A54: Other Weights, Global (GiB)
A55: KV Cache Size, Local (GiB) | B55: =B48/PARAMS("num_devices") -> 21.445312
A56: Intermediate Activation Tensors, Local (GiB) | B56: =MAX(P94,P113,P132,P151,P170,P189,P208,P227,P246,P262,P300,P347,P413,P432)/1024 -> 0.010253906
A57: TOTAL (Local) | B57: =SUM(B52:B55) -> 72.10614 | C57: ="<=" & ($H$27) & " (Capacity)?" -> <=94.752 (Capacity)?
A59: ⚡Roofline Summary
A60: Category | B60: Op Name | C60: Memory Time (ms) | D60: Compute Time (ms) | E60: ICI Latency Time (ms) | F60: ICI BW Time (ms) | G60: Roofline Time (ms) | H60: Boundness | J60: % Roofline
A61: MLA | B61: Q Down Proj | C61: =$H$132 -> 0.0037130068 | D61: =$H$130 -> #N/A | F61: =H127 -> 0.049889882 | G61: =max(C61:F61) -> #N/A | H61: =IFS(C61=G61, "HBM", D61=G61, "Compute", E61=G61, "ICI Lt", F61=G61, "ICI BW") -> #N/A | J61: =G61/$G$76 -> #N/A
A62: MLA | B62: Q Up Proj | C62: =$H$151 -> 0.013047673 | D62: =$H$149 -> #N/A | G62: =max(C62:F62) -> #N/A | H62: =IFS(C62=G62, "HBM", D62=G62, "Compute", E62=G62, "ICI Lt", F62=G62, "ICI BW") -> #N/A | J62: =G62/$G$76 -> #N/A
A63: MLA | B63: Q Proj to K (K weight absoption) | C63: =$H$170 -> 0.0056738081 | D63: =$H$168 -> #N/A | G63: =max(C63:F63) -> #N/A | H63: =IFS(C63=G63, "HBM", D63=G63, "Compute", E63=G63, "ICI Lt", F63=G63, "ICI BW") -> #N/A | J63: =G63/$G$76 -> #N/A
A64: MLA | B64: KV Down Proj | C64: =$H$189 -> 0.0014836382 | D64: =$H$187 -> #N/A | G64: =max(C64:F64) -> #N/A | H64: =IFS(C64=G64, "HBM", D64=G64, "Compute", E64=G64, "ICI Lt", F64=G64, "ICI BW") -> #N/A | J64: =G64/$G$76 -> #N/A
A65: MLA | B65: FlashAttention | C65: =SUM(C67:C69) -> 0.12582504 | D65: =SUM(D67:D69) -> #N/A | G65: =IF(PARAMS("flash_attn"),MAX(C65:F65),0) -> #N/A | H65: =IFS(G65=0,"",C65=G65, "HBM", D65=G65, "Compute", E65=G65, "ICI Lt", F65=G65, "ICI BW") -> #N/A | J65: =G65/$G$76 -> #N/A
A66: MLA | B66: VanillaAttention | G66: =IF(PARAMS("flash_attn"),0,SUM(G67:G69)) -> 0 | J66: =G66/$G$76 -> #N/A
A67: MLA | B67: |- QK (nope) | C67: =$H$208 -> 0.10947112 | D67: =$H$206 -> #N/A | G67: =max(C67:F67) -> #N/A | H67: =IFS(C67=G67, "HBM", D67=G67, "Compute", E67=G67, "ICI Lt", F67=G67, "ICI BW") -> #N/A
A68: MLA | B68: |- QK (rope) | C68: =$H$227 -> 0.01368389 | D68: =$H$225 -> #N/A | G68: =max(C68:F68) -> #N/A | H68: =IFS(C68=G68, "HBM", D68=G68, "Compute", E68=G68, "ICI Lt", F68=G68, "ICI BW") -> #N/A
A69: MLA | B69: |- AV | C69: =$H$246 -> 0.0026700273 | D69: =$H$244 -> #N/A | G69: =max(C69:F69) -> #N/A | H69: =IFS(C69=G69, "HBM", D69=G69, "Compute", E69=G69, "ICI Lt", F69=G69, "ICI BW") -> #N/A
A70: MLA | B70: V Up Proj (Weight Absorption) | C70: =H265 -> 0.0046725478 | D70: =H263 -> #N/A | G70: =max(C70:F70) -> #N/A | H70: =IFS(C70=G70, "HBM", D70=G70, "Compute", E70=G70, "ICI Lt", F70=G70, "ICI BW") -> #N/A | J70: =G70/$G$76 -> #N/A
A71: MLA | B71: O Proj | C71: =H284 -> 0.03800617 | D71: =H282 -> #N/A | G71: =max(C71:F71) -> #N/A | H71: =IFS(C71=G71, "HBM", D71=G71, "Compute", E71=G71, "ICI Lt", F71=G71, "ICI BW") -> #N/A | J71: =G71/$G$76 -> #N/A
A72: MoE | B72: Dispatch | F72: =$H$332 -> 0.025634766 | G72: =max(C72:F72) -> 0.025634766 | H72: =IFS(C72=G72, "HBM", D72=G72, "Compute", E72=G72, "ICI Lt", F72=G72, "ICI BW") -> ICI BW | J72: =G72/$G$76 -> #N/A
A73: MoE | B73: Gating x 2 + Act | C73: =$H$375 -> 0.16020164 | D73: =$H$373 -> #N/A | F73: =$H$370 -> 0.009765625 | G73: =max(C73:F73) -> #N/A | H73: =IFS(C73=G73, "HBM", D73=G73, "Compute", E73=G73, "ICI Lt", F73=G73, "ICI BW") -> #N/A | J73: =G73/$G$76 -> #N/A
A74: MoE | B74: Linear | C74: =$H$405 -> 0.094118464 | D74: =$H$403 -> #N/A | F74: =$H$400 -> 0 | G74: =max(C74:F74) -> #N/A | H74: =IFS(C74=G74, "HBM", D74=G74, "Compute", E74=G74, "ICI Lt", F74=G74, "ICI BW") -> #N/A | J74: =G74/$G$76 -> #N/A
A75: MoE | B75: Collect | F75: =$H$442 -> 0.049845378 | G75: =max(C75:F75) -> 0.049845378 | H75: =IFS(C75=G75, "HBM", D75=G75, "Compute", E75=G75, "ICI Lt", F75=G75, "ICI BW") -> ICI BW | J75: =G75/$G$76 -> #N/A
E76: Overlapping Strategy | F76: OptionA. No Overlapping | G76: =SUM(G61:G66,G70:G75) -> #N/A | J76: =G76/$G$76 -> #N/A
F77: OptionB. Overlapping Expert Collectives | G77: =SUM(G61:G66,G70:G71)+MAX(G72:G73)+MAX(G74:G75) -> #N/A
A78: TOTAL | E78: Selected Strategy | F78: OptionA. No Overlapping | G78: =IF(F78=F76,G76,G77) -> #N/A
E81: 🔍 Detailed Op Analysis 1 - MLA (Multi-head Latent Attention)
E82: Operation | F82: Details | I82: Dimensions | O82: dtype | P82: Size(MiB) | Q82: VMEM Prefetched /Pinned
E83: 0. Activation Before Attention Layer | F83: Activation Tensor | H83: Dimension Name | I83: ( | K83: B | L83: T | M83: D | N83: ) | O83: fp8 | Q83: FALSE
H84: Global Shape | I84: ( | K84: =PARAMS(K83) -> 1024 | L84: =PARAMS(L83) -> 1 | M84: =PARAMS(M83) -> 7168 | N84: ) | P84: =SIZEOF_IN_MIB(J84:M84, $O83) -> 7 | Q84: FALSE
H85: Sharding | I85: ( | K85: model | M85: data | N85: ) | Q85: FALSE
H86: Local Shape (per-core) | I86: ( | K86: =K84/SHARDING(K85) -> 128 | L86: =L84/SHARDING(L85) -> 1 | M86: =M84/SHARDING(M85) -> 3584 | N86: ) | P86: =SIZEOF_IN_MIB(J86:M86, $O83) -> 0.4375 | Q86: FALSE
E87: 1. Q Down Proj | F87: LHS | H87: Dimension Name | I87: ( | K87: B | L87: T | M87: D | N87: ) | O87: fp8 | Q87: FALSE
H88: Global Shape | I88: ( | K88: =PARAMS(K87) -> 1024 | L88: =PARAMS(L87) -> 1 | M88: =PARAMS(M87) -> 7168 | N88: ) | P88: =SIZEOF_IN_MIB(J88:M88, $O87) -> 7
H89: Sharding | I89: ( | K89: data,model | N89: )
H90: Local Shape (per-core) | I90: ( | K90: =K88/SHARDING(K89) -> 64 | L90: =L88/SHARDING(L89) -> 1 | M90: =M88/SHARDING(M89) -> 7168 | N90: ) | P90: =SIZEOF_IN_MIB(J90:M90, $O87) -> 0.4375
F91: RHS | H91: Dimension Name | I91: ( | L91: D | M91: c_q | N91: ) | O91: fp8 | Q91: FALSE
H92: Global Shape | I92: ( | L92: =PARAMS(L91) -> 7168 | M92: =PARAMS(M91) -> 1536 | N92: ) | P92: =SIZEOF_IN_MIB(J92:M92, $O91) -> 10.5
H93: Sharding | I93: ( | N93: )
H94: Local Shape (per-core) | I94: ( | L94: =L92/SHARDING(L93) -> 7168 | M94: =M92/SHARDING(M93) -> 1536 | N94: ) | P94: =SIZEOF_IN_MIB(J94:M94, $O91) -> 10.5
F95: Output | H95: Dimension Name | I95: ( | K95: B | L95: T | M95: c_q | N95: ) | O95: bf16 | Q95: FALSE
H96: Global Shape | I96: ( | K96: =PARAMS(K95) -> 1024 | L96: =PARAMS(L95) -> 1 | M96: =PARAMS(M95) -> 1536 | N96: ) | P96: =SIZEOF_IN_MIB(K96:M96, $O95) -> 3
H97: Sharding | I97: ( | K97: data,model | N97: )
H98: Local Shape (per-core) | I98: ( | K98: =K96/SHARDING(K97) -> 64 | L98: =L96/SHARDING(L97) -> 1 | M98: =M96/SHARDING(M97) -> 1536 | N98: ) | P98: =SIZEOF_IN_MIB(K98:M98, $O95) -> 0.1875
F99: Pre-operation Collectives | G99: Transferring Tensor | H99: Dimension Name | I99: ( | J99: {=J83:M86} | K99: B | L99: T | M99: D | N99: ) | O99: fp8
H100: Global Shape | I100: ( | K100: 1024 | L100: 1 | M100: 7168 | N100: ) | P100: =SIZEOF_IN_MIB(J100:M100, O99) -> 7
H101: Source Sharding | I101: ( | K101: model | M101: data | N101: )
H102: Source Local Shape (per-core) | I102: ( | K102: 128 | L102: 1 | M102: 3584 | N102: ) | P102: =SIZEOF_IN_MIB(J102:M102, O99) -> 0.4375
H103: Target Sharding | I103: ( | N103: )
G104: Strategy A: All-Gather Tokens with no chiplet involved
G105: # of devices involved | H105: =SHARDING(K101)*SHARDING(L101)*SHARDING(M101) -> 16
...

Sheet decodeDP=16EP=16Row4
A1: Contact: donghyun@, gpolovets@, miliu@. Feedback/Bug reports are welcome!
A2: Description | B2: Symbol | C2: Value | F2: Sharding (Axis Name) | G2: # of Devices | H2: Notes | Q2: Size In Bytes | T2: MXU dtype
A3: Embedding Dimension | B3: D | C3: 7168 | F3: [ ↓ Configurable Values] | Q3: fp4 | R3: 0.5 | T3: =U3&","&V3 -> fp4,fp4 | U3: fp4 | V3: fp4 | W3: fp4
A4: Hidden Dimension | B4: F | C4: 2048 | F4: model | G4: 1 | Q4: fp8 | R4: 1 | T4: =U4&","&V4 -> fp4,fp8 | U4: fp4 | V4: fp8 | W4: fp8
A5: # of experts | B5: E | C5: 256 | F5: data | G5: 16 | H5: Also used for expert sharding for MoE | Q5: bf16 | R5: 2 | T5: =U5&","&V5 -> fp4,bf16 | U5: fp4 | V5: bf16 | W5: bf16
A6: # of Layers | B6: L | C6: 61 | F6: seq | G6: 1 | T6: =U6&","&V6 -> fp8,fp4 | U6: fp8 | V6: fp4 | W6: fp8
A7: # of Dense Layers | B7: DL | C7: 3 | F7: attn_model | G7: 1 | H7: Used if attention is replicated | T7: =U7&","&V7 -> fp8,fp8 | U7: fp8 | V7: fp8 | W7: fp8
A8: # of experts to be activated per token | B8: top_k | C8: 8 | F8: [ ↓ Derived Values]
A9: The dimension of the compressed latent vector for Query | B9: c_q | C9: 1536 | F9: data,model | G9: =G5*G4 -> 16 | T9: =U9&","&V9 -> fp8,bf16 | U9: fp8 | V9: bf16 | W9: bf16
A10: The dimension of the compressed latent vector for KV | B10: c_kv | C10: 512 | F10: Total # of devices | G10: =PRODUCT(G3:G6) -> 16 | T10: =U10&","&V10 -> bf16,fp4 | U10: bf16 | V10: fp4 | W10: bf16
A11: The dimension of Non-RoPE part of the query head | B11: h_nope | C11: 128 | F11: Total # of chips | G11: =$G$10/$H$18 -> #N/A | T11: =U11&","&V11 -> bf16,fp8 | U11: bf16 | V11: fp8 | W11: bf16
A12: The dimension of the RoPE part of the query head | B12: h_rope | C12: 64 | L12: TODO LIST | T12: bf16,bf16 | U12: bf16 | V12: bf16 | W12: bf16
A13: The number of Attention Heads (Query) | B13: n_q | C13: 128
A14: [ ↓ Derived parameters]
A15: h_nope+h_rope | B15: h_nope+h_rope | C15: =$C$11+$C$12 -> 192
A16: c_kv+h_rope | B16: c_kv+h_rope | C16: =$C$10+$C$12 -> 576
A17: # of Duplicated tokens (top_k times) | B17: kT | C17: =C8*$C$25 -> 8 | F17: Hardware Spec | G17: Derate Factor | H17: GhostFish
A18: # of Devices | B18: num_devices | C18: =$G$10 -> 16 | F18: {=DB!A2:A15} -> # of TensorCore per Chip | G18: 1 | H18: {=xlookup($H$17,DB!1:1,DB!2:15) * G18:G31} -> #N/A
A19: # of Chips | B19: num_chips | C19: =$G$11 -> #N/A | F19: Per-Chip HBM-BW (GB/s) | G19: 1 | H19: #N/A
A20: Assumed Topology | B20: topo | C20: =IFS(C19=8,"2x2x2",C19=4,"2x2",TRUE,NA) -> #N/A | F20: Per-Chip TFLOPS (fp4) | G20: 1 | H20: #N/A
A21: # of Links in the current topology | B21: num_links_in_topo | C21: =IFS(C20="2x2x2",12,C20="2x2",4,TRUE,NA()) -> #N/A | F21: Per-Chip TFLOPS (fp8) | G21: 1 | H21: #N/A
F22: Per-Chip TFLOPS (fp16) | G22: 1 | H22: #N/A
A23: [ ↓ Configurable parameters] | F23: Per-Chip HBM Capacity (GiB) | G23: 0.987 | H23: #N/A
A24: Regime | B24: R | C24: Decode | F24: Per-Core HBM-BW (GB/s) | G24: 0.8 | H24: #N/A
A25: Sequence Length (Q) | B25: T | C25: =IF(C24="Decode", 1, 2048) -> 1 | F25: Per-Core TFLOPS (fp4) | G25: 1 | H25: #N/A
A26: Batch Size (power of 2) | B26: B | C26: 1024 | F26: Per-Core TFLOPS (fp8) | G26: 1 | H26: #N/A
A27: Sequence Length (KV) | B27: S | C27: =1024+4096 -> 5120 | F27: Per-Core TFLOPS (bf16) | G27: 1 | H27: #N/A
A28: Scheduler Latency Overhead | C28: 0.15 | F28: Per-Core HBM Capacity (GiB) | G28: 0.987 | H28: #N/A
A29: Roofline Discount Rate | C29: 1 | F29: Core-to-Core ICI Bandwidth (uni, GB/s) | G29: 0.375 | H29: #N/A
A30: Flash Attention Enabled | B30: flash_attn | C30: TRUE | F30: Chip-to-Chip ICI Bandwidth (uni, GB/s) | G30: 0.8 | H30: #N/A
F31: Chip-to-Chip ICI Latency (ms) | G31: 1 | H31: #N/A
A32: [ ↓ Configurable Numeric]
A33: Attention Projections Numeric | B33: attn_proj_dtype | C33: w16a16
A34: KV Cache dtype | B34: kv_dtype | C34: fp8
A35: Attention "K" numeric from KV | B35: attn_kv_k_dtype | C35: bf16 | F35: Maximum Batchsize Calculation
A36: Attention "A" numeric from AV | B36: attn_av_a_dtype | C36: bf16 | F36: Model Weights Dtype | G36: fp8
A37: MoE Numeric | B37: moe_dtype | C37: w4a8 | F37: KV Cache Dtype | G37: =C34 -> fp8
A38: Expert Dispatch Numeric | B38: expert_dispatch_dtype | C38: fp8 | F38: Shared Expert Strategy | G38: Strategy A: All-Gather Tokens
A39: Expert Collect Numeric | B39: expert_collect_dtype | C39: bf16
F40: # of Model Params | G40: =671*1000000000 -> 671000000000
F41: # of Attention Params | G41: =SUM(PRODUCT(L87:M87), PRODUCT(K135:M135), PRODUCT(K154:M154), PRODUCT(L173:M173), PRODUCT(K279:M279), PRODUCT(K298:M298)) * PARAMS("L") -> 11413422080
A42: 💡Top Line Metrics
A43: Metric Name | B43: ="Value (" & H17 & ")" -> Value (GhostFish) | C43: Reference Value (GB200) | F43: # of Non Attention Params | G43: =G40-G41 -> 659586577920
A44: # of Tokens | B44: =$C26*$C25 -> 1024 | C44: =492*8 -> 3936 | F44: # Attention Memory (GiB) | G44: =SUM(P87, P135, P154, P173, P279, P298) * PARAMS(B6) / 1024 -> 21.259155
A45: # Devices | B45: =G10 -> 16 | C45: 8 | F45: # Model Memory (GiB) | G45: =(G43* SWITCH(G36, "fp32", 4, "bf16", 2, "fp8", 1, "fp4", 0.5)/1024^3 + G44*G10) + (G10-1) * SUM(P491, P510) * (C6-3)/1024 -> 972.27615
A46: E2E Latency (s) | B46: =$G$73/1000 * $C$6 -> #N/A | C46: =0.0734 -> 0.0734 | F46: # Per Device Model Memory (GiB) | G46: =G45/G10 -> 60.767259
A47: Throughput (tokens/s) | B47: =$B$44/$B$46 -> #N/A | C47: =492/0.0733 * C45 -> 53697.135 | F47: Usable fraction | G47: 0.9
A48: Discounted Throughput (tokens/s) | B48: =B44/(B46*(1+C28))*C29 -> #N/A | F48: Maximum Global Batch Size | G48: =(((H28 * G47 - G46)*1024^3) * G9) / (PARAMS(B27) * PAD_128(C10+C12) * SWITCH(PARAMS("kv_dtype"), "fp32", 4, "bf16", 2, "fp8", 1, "fp4", 0.5)*PARAMS(B6)) -> #N/A
A49: Throughput (tokens/s/chip) | B49: =B48/$G$11 -> #N/A | C49: =C47/C45 -> 6712.1419
A50: % to the reference | B50: =B49/$C$49 -> #N/A | C50: =C49/$C$49 -> 1
A53: ⚡Roofline Summary
A54: Category | B54: Op Name | C54: Memory Time (ms) | D54: Compute Time (ms) | E54: ICI Latency Time (ms) | F54: ICI BW Time (ms) | G54: Roofline Time (ms) | H54: Boundness | J54: % Roofline
A55: MLA | B55: Q Down Proj | C55: =$H$129 -> #N/A | D55: =$H$127 -> #N/A | E55: =$H$124 -> 0 | F55: =H122 -> 0 | G55: =max(C55:F55) -> #N/A | H55: =IFS(C55=G55, "HBM", D55=G55, "Compute", E55=G55, "ICI Lt", F55=G55, "ICI BW") -> #N/A | J55: =G55/$G$71 -> #N/A
A56: MLA | B56: Q Up Proj | C56: =$H$148 -> #N/A | D56: =$H$146 -> #N/A | G56: =max(C56:F56) -> #N/A | H56: =IFS(C56=G56, "HBM", D56=G56, "Compute", E56=G56, "ICI Lt", F56=G56, "ICI BW") -> #N/A | J56: =G56/$G$71 -> #N/A
A57: MLA | B57: Q Proj to K (K weight absoption) | C57: =$H$167 -> #N/A | D57: =$H$165 -> #N/A | G57: =max(C57:F57) -> #N/A | H57: =IFS(C57=G57, "HBM", D57=G57, "Compute", E57=G57, "ICI Lt", F57=G57, "ICI BW") -> #N/A | J57: =G57/$G$71 -> #N/A
A58: MLA | B58: KV Down Proj | C58: =$H$186 -> #N/A | D58: =$H$184 -> #N/A | G58: =max(C58:F58) -> #N/A | H58: =IFS(C58=G58, "HBM", D58=G58, "Compute", E58=G58, "ICI Lt", F58=G58, "ICI BW") -> #N/A | J58: =G58/$G$71 -> #N/A
A59: MLA | B59: AllGather KV | F59: =$H$216 -> 0 | G59: =max(C59:F59) -> 0 | H59: =IFS(F59=G59, "ICI BW", E59=G59, "ICI Lt", C59=G59, "HBM", D59=G59, "Compute") -> ICI BW | J59: =G59/$G$71 -> #N/A
A60: MLA | B60: FlashAttention | C60: =SUM(C62:C64) -> #N/A | D60: =SUM(D62:D64) -> #N/A | G60: =IF(PARAMS("flash_attn"),MAX(C60:F60),0) -> #N/A | H60: =IFS(G60=0,"",C60=G60, "HBM", D60=G60, "Compute", E60=G60, "ICI Lt", F60=G60, "ICI BW") -> #N/A | J60: =G60/$G$71 -> #N/A
A61: MLA | B61: VanillaAttention | G61: =IF(PARAMS("flash_attn"),0,SUM(G62:G64)) -> 0 | J61: =G61/$G$71 -> #N/A
A62: MLA | B62: |- QK (nope) | C62: =$H$235 -> #N/A | D62: =$H$233 -> #N/A | G62: =max(C62:F62) -> #N/A | H62: =IFS(C62=G62, "HBM", D62=G62, "Compute", E62=G62, "ICI Lt", F62=G62, "ICI BW") -> #N/A
A63: MLA | B63: |- QK (rope) | C63: =$H$254 -> #N/A | D63: =$H$252 -> #N/A | G63: =max(C63:F63) -> #N/A | H63: =IFS(C63=G63, "HBM", D63=G63, "Compute", E63=G63, "ICI Lt", F63=G63, "ICI BW") -> #N/A
A64: MLA | B64: |- AV | C64: =$H$273 -> #N/A | D64: =$H$271 -> #N/A | G64: =max(C64:F64) -> #N/A | H64: =IFS(C64=G64, "HBM", D64=G64, "Compute", E64=G64, "ICI Lt", F64=G64, "ICI BW") -> #N/A
A65: MLA | B65: V Up Proj (Weight Absorption) | C65: =H292 -> #N/A | D65: =H290 -> #N/A | G65: =max(C65:F65) -> #N/A | H65: =IFS(C65=G65, "HBM", D65=G65, "Compute", E65=G65, "ICI Lt", F65=G65, "ICI BW") -> #N/A | J65: =G65/$G$71 -> #N/A
A66: MLA | B66: O Proj | C66: =H311 -> #N/A | D66: =H309 -> #N/A | G66: =max(C66:F66) -> #N/A | H66: =IFS(C66=G66, "HBM", D66=G66, "Compute", E66=G66, "ICI Lt", F66=G66, "ICI BW") -> #N/A | J66: =G66/$G$71 -> #N/A
A67: MoE | B67: Dispatch | E67: =$H$361 -> #N/A | F67: =$H$359 -> #N/A | G67: =max(C67:F67) -> #N/A | H67: =IFS(C67=G67, "HBM", D67=G67, "Compute", E67=G67, "ICI Lt", F67=G67, "ICI BW") -> #N/A | J67: =G67/$G$71 -> #N/A
A68: MoE | B68: Gating x 2 + Act | C68: =$H$404 -> #N/A | D68: =$H$402 -> #N/A | F68: =$H$399 -> 0 | G68: =max(C68:F68) -> #N/A | H68: =IFS(C68=G68, "HBM", D68=G68, "Compute", E68=G68, "ICI Lt", F68=G68, "ICI BW") -> #N/A | J68: =G68/$G$71 -> #N/A
A69: MoE | B69: Linear | C69: =$H$434 -> #N/A | D69: =$H$432 -> #N/A | F69: =$H$429 -> 0 | G69: =max(C69:F69) -> #N/A | H69: =IFS(C69=G69, "HBM", D69=G69, "Compute", E69=G69, "ICI Lt", F69=G69, "ICI BW") -> #N/A | J69: =G69/$G$71 -> #N/A
A70: MoE | B70: Collect | E70: =$H$480 -> #N/A | F70: =$H$478 -> #N/A | G70: =max(C70:F70) -> #N/A | H70: =IFS(C70=G70, "HBM", D70=G70, "Compute", E70=G70, "ICI Lt", F70=G70, "ICI BW") -> #N/A | J70: =G70/$G$71 -> #N/A
E71: Overlapping Strategy | F71: OptionA. No Overlapping | G71: =SUM(G55:G61,G65:G70) -> #N/A | J71: =G71/$G$71 -> #N/A
F72: OptionB. Overlapping Expert Collectives | G72: =SUM(G55:G61,G65:G66)+MAX(G67:G68)+MAX(G69:G70) -> #N/A
A73: TOTAL | E73: Selected Strategy | F73: OptionA. No Overlapping | G73: =IF(F73=F71,G71,G72) -> #N/A
A76: 💾 Memory Occupancy | E76: 🔍 Detailed Op Analysis 1 - MLA (Multi-head Latent Attention)
A77: Key | B77: Value | C77: Notes | E77: Operation | F77: Details | I77: Dimensions | O77: dtype | P77: Size(MiB) | Q77: VMEM Prefetched /Pinned
A78: Attention Weights, Global (GiB) | B78: =SUM(P87,P135,P154,P173,P279,P298) * PARAMS("L") / 1024 -> 21.259155 | E78: 0. Activation Before Attention Layer | F78: Activation Tensor | H78: Dimension Name | I78: ( | K78: B | L78: T | M78: D | N78: ) | O78: fp8
A79: MoE Weights, Global (GiB) | B79: =SUM($P$319,$P$410) * PARAMS("L") / 1024 -> 110.08594 | H79: Global Shape | I79: ( | K79: =PARAMS(K78) -> 1024 | L79: =PARAMS(L78) -> 1 | M79: =PARAMS(M78) -> 7168 | N79: ) | P79: =SIZEOF_IN_MIB(J79:M79, $O78) -> 7
A80: Other Weights, Global (GiB) | H80: Sharding | I80: ( | K80: data,model | N80: )
A81: KV Cache Size, Global (GiB) | B81: =SIZEOF_IN_MIB(PARAMS("B")*PARAMS("S")*PARAMS("L")*(PARAMS("c_kv")+PARAMS("h_rope")), PARAMS("kv_dtype"))/1024 -> 171.5625 | H81: Local Shape (per-core) | I81: ( | K81: =K79/SHARDING(K80) -> 64 | L81: =L79/SHARDING(L80) -> 1 | M81: =M79/SHARDING(M80) -> 7168 | N81: ) | P81: =SIZEOF_IN_MIB(J81:M81, $O78) -> 0.4375
A82: Intermediate Activation Tensors, Global (GiB) | B82: =MAX(P87,P106,P127,P146,P165,P184,P233,P252,P271,P287,P325,P374,P447,P466)/1024 -> 0.020507812 | E82: 1. Q Down Proj | F82: LHS | H82: Dimension Name | I82: ( | K82: B | L82: T | M82: D | N82: ) | O82: =EXTRACT_ACTIVATION_DTYPE(PARAMS("attn_proj_dtype")) -> bf16 | Q82: FALSE
A83: TOTAL (Global) | B83: =SUM(B78:B81) -> 302.90759 | C83: ="<=" & ($H$28 * PARAMS("num_devices")) & " (Capacity)?" -> #N/A | H83: Global Shape | I83: ( | K83: =PARAMS(K82) -> 1024 | L83: =PARAMS(L82) -> 1 | M83: =PARAMS(M82) -> 7168 | N83: ) | P83: =SIZEOF_IN_MIB(J83:M83, $O82) -> 14
H84: Sharding | I84: ( | K84: data,model | N84: )
A85: Attention Weights, Local (GiB) | B85: =SUM(P89,P137,P156,P175,P281,P300) * PARAMS("L") / 1024 -> 21.259155 | H85: Local Shape (per-core) | I85: ( | K85: =K83/SHARDING(K84) -> 64 | L85: =L83/SHARDING(L84) -> 1 | M85: =M83/SHARDING(M84) -> 7168 | N85: ) | P85: =SIZEOF_IN_MIB(J85:M85, $O82) -> 0.875
A86: MoE Weights, Local (GiB) | B86: =SUM(P369,P412) * PARAMS("L") / 1024 -> 20.015625 | F86: RHS | H86: Dimension Name | I86: ( | L86: D | M86: c_q | N86: ) | O86: =EXTRACT_WEIGHT_DTYPE(PARAMS("attn_proj_dtype")) -> bf16 | Q86: FALSE
A87: Other Weights, Global (GiB) | H87: Global Shape | I87: ( | L87: =PARAMS(L86) -> 7168 | M87: =PARAMS(M86) -> 1536 | N87: ) | P87: =SIZEOF_IN_MIB(J87:M87, $O86) -> 21
A88: KV Cache Size, Local (GiB) | B88: =B81/PARAMS("num_devices") -> 10.722656 | H88: Sharding | I88: ( | N88: )
A89: Intermediate Activation Tensors, Local (GiB) | B89: =MAX(P89,P108,P129,P148,P167,P186,P235,P254,P273,P289,P327,P376,P449,P468)/1024 -> 0.020507812 | H89: Local Shape (per-core) | I89: ( | L89: =L87/SHARDING(L88) -> 7168 | M89: =M87/SHARDING(M88) -> 1536 | N89: ) | P89: =SIZEOF_IN_MIB(J89:M89, $O86) -> 21
A90: TOTAL (Local) | B90: =SUM(B85:B88) -> 51.997437 | C90: ="<=" & ($H$28) & " (Capacity)?" -> #N/A | F90: Output | H90: Dimension Name | I90: ( | K90: B | L90: T | M90: c_q | N90: ) | O90: bf16 | Q90: FALSE
H91: Global Shape | I91: ( | K91: =PARAMS(K90) -> 1024 | L91: =PARAMS(L90) -> 1 | M91: =PARAMS(M90) -> 1536 | N91: ) | P91: =SIZEOF_IN_MIB(K91:M91, $O90) -> 3
H92: Sharding | I92: ( | K92: data,model | N92: )
H93: Local Shape (per-core) | I93: ( | K93: =K91/SHARDING(K92) -> 64 | L93: =L91/SHARDING(L92) -> 1 | M93: =M91/SHARDING(M92) -> 1536 | N93: ) | P93: =SIZEOF_IN_MIB(K93:M93, $O90) -> 0.1875
F94: Pre-operation Collectives | G94: Transferring Tensor | H94: Dimension Name | I94: ( | J94: {=J78:M81} | K94: B | L94: T | M94: D | N94: ) | O94: =O82 -> bf16
H95: Global Shape | I95: ( | K95: 1024 | L95: 1 | M95: 7168 | N95: ) | P95: =SIZEOF_IN_MIB(J95:M95, O94) -> 14
H96: Source Sharding | I96: ( | K96: data,model | N96: )
H97: Source Local Shape (per-core) | I97: ( | K97: 64 | L97: 1 | M97: 7168 | N97: ) | P97: =SIZEOF_IN_MIB(J97:M97, O94) -> 0.875
H98: Target Sharding | I98: ( | N98: )
G99: Strategy A: All-Gather Tokens with no chiplet involved
G100: # of devices involved | H100: =SHARDING(K96)*SHARDING(L96)*SHARDING(M96) -> 16
G101: Per-device: Data transferred from a device (MiB) | H101: =P97 * (H100-1) -> 13.125
G102: Global Traffic Size (MiB) | H102: =H101*H100 -> 210
G103: # of Links involved | H103: =IFS(H100=8,12, H100=4,4, H100=2,1, H100=1,0, TRUE,NA()) -> #N/A
G104: # of Chiplets sharing links | H104: 1
...

Sheet decodeDP=16EP=16Row5
A1: Contact: donghyun@, gpolovets@, miliu@. Feedback/Bug reports are welcome! | E1: =G73 -> #N/A
A2: Description | B2: Symbol | C2: Value | F2: Sharding (Axis Name) | G2: # of Devices | H2: Notes | Q2: Size In Bytes | T2: MXU dtype
A3: Embedding Dimension | B3: D | C3: 7168 | F3: [ ↓ Configurable Values] | Q3: fp4 | R3: 0.5 | T3: =U3&","&V3 -> fp4,fp4 | U3: fp4 | V3: fp4 | W3: fp4
A4: Hidden Dimension | B4: F | C4: 2048 | F4: model | G4: 1 | Q4: fp8 | R4: 1 | T4: =U4&","&V4 -> fp4,fp8 | U4: fp4 | V4: fp8 | W4: fp8
A5: # of experts | B5: E | C5: 256 | F5: data | G5: 16 | H5: Also used for expert sharding for MoE | Q5: bf16 | R5: 2 | T5: =U5&","&V5 -> fp4,bf16 | U5: fp4 | V5: bf16 | W5: bf16
A6: # of Layers | B6: L | C6: 61 | F6: seq | G6: 1 | T6: =U6&","&V6 -> fp8,fp4 | U6: fp8 | V6: fp4 | W6: fp8
A7: # of Dense Layers | B7: DL | C7: 3 | F7: attn_model | G7: 1 | H7: Used if attention is replicated | T7: =U7&","&V7 -> fp8,fp8 | U7: fp8 | V7: fp8 | W7: fp8
A8: # of experts to be activated per token | B8: top_k | C8: 8 | F8: [ ↓ Derived Values]
A9: The dimension of the compressed latent vector for Query | B9: c_q | C9: 1536 | F9: data,model | G9: =G5*G4 -> 16 | T9: =U9&","&V9 -> fp8,bf16 | U9: fp8 | V9: bf16 | W9: bf16
A10: The dimension of the compressed latent vector for KV | B10: c_kv | C10: 512 | F10: Total # of devices | G10: =PRODUCT(G3:G6) -> 16 | T10: =U10&","&V10 -> bf16,fp4 | U10: bf16 | V10: fp4 | W10: bf16
A11: The dimension of Non-RoPE part of the query head | B11: h_nope | C11: 128 | F11: Total # of chips | G11: =$G$10/$H$18 -> #N/A | T11: =U11&","&V11 -> bf16,fp8 | U11: bf16 | V11: fp8 | W11: bf16
A12: The dimension of the RoPE part of the query head | B12: h_rope | C12: 64 | L12: TODO LIST | T12: bf16,bf16 | U12: bf16 | V12: bf16 | W12: bf16
A13: The number of Attention Heads (Query) | B13: n_q | C13: 128
A14: [ ↓ Derived parameters]
A15: h_nope+h_rope | B15: h_nope+h_rope | C15: =$C$11+$C$12 -> 192
A16: c_kv+h_rope | B16: c_kv+h_rope | C16: =$C$10+$C$12 -> 576
A17: # of Duplicated tokens (top_k times) | B17: kT | C17: =C8*$C$25 -> 8 | F17: Hardware Spec | G17: Derate Factor | H17: GhostFish
A18: # of Devices | B18: num_devices | C18: =$G$10 -> 16 | F18: {=DB!A2:A15} -> # of TensorCore per Chip | G18: 1 | H18: {=xlookup($H$17,DB!1:1,DB!2:15) * G18:G31} -> #N/A
A19: # of Chips | B19: num_chips | C19: =$G$11 -> #N/A | F19: Per-Chip HBM-BW (GB/s) | G19: 1 | H19: #N/A
A20: Assumed Topology | B20: topo | C20: =IFS(C19=8,"2x2x2",C19=4,"2x2",TRUE,NA) -> #N/A | F20: Per-Chip TFLOPS (fp4) | G20: 1 | H20: #N/A
A21: # of Links in the current topology | B21: num_links_in_topo | C21: =IFS(C20="2x2x2",12,C20="2x2",4,TRUE,NA()) -> #N/A | F21: Per-Chip TFLOPS (fp8) | G21: 1 | H21: #N/A
F22: Per-Chip TFLOPS (fp16) | G22: 1 | H22: #N/A
A23: [ ↓ Configurable parameters] | F23: Per-Chip HBM Capacity (GiB) | G23: 0.987 | H23: #N/A
A24: Regime | B24: R | C24: Decode | F24: Per-Core HBM-BW (GB/s) | G24: 0.8 | H24: #N/A
A25: Sequence Length (Q) | B25: T | C25: =IF(C24="Decode", 1, 2048) -> 1 | F25: Per-Core TFLOPS (fp4) | G25: 1 | H25: #N/A
A26: Batch Size (power of 2) | B26: B | C26: 2048 | F26: Per-Core TFLOPS (fp8) | G26: 1 | H26: #N/A
A27: Sequence Length (KV) | B27: S | C27: =1024+4096 -> 5120 | F27: Per-Core TFLOPS (bf16) | G27: 1 | H27: #N/A
A28: Scheduler Latency Overhead | C28: 0.15 | F28: Per-Core HBM Capacity (GiB) | G28: 0.987 | H28: #N/A
A29: Roofline Discount Rate | C29: 1 | F29: Core-to-Core ICI Bandwidth (uni, GB/s) | G29: 0.375 | H29: #N/A
A30: Flash Attention Enabled | B30: flash_attn | C30: TRUE | F30: Chip-to-Chip ICI Bandwidth (uni, GB/s) | G30: 0.8 | H30: #N/A
F31: Chip-to-Chip ICI Latency (ms) | G31: 1 | H31: #N/A
A32: [ ↓ Configurable Numeric]
A33: Attention Projections Numeric | B33: attn_proj_dtype | C33: w16a16
A34: KV Cache dtype | B34: kv_dtype | C34: fp8
A35: Attention "K" numeric from KV | B35: attn_kv_k_dtype | C35: bf16 | F35: Maximum Batchsize Calculation
A36: Attention "A" numeric from AV | B36: attn_av_a_dtype | C36: bf16 | F36: Model Weights Dtype | G36: fp8
A37: MoE Numeric | B37: moe_dtype | C37: w4a8 | F37: KV Cache Dtype | G37: =C34 -> fp8
A38: Expert Dispatch Numeric | B38: expert_dispatch_dtype | C38: fp8 | F38: Shared Expert Strategy | G38: Strategy A: All-Gather Tokens
A39: Expert Collect Numeric | B39: expert_collect_dtype | C39: bf16
F40: # of Model Params | G40: =671*1000000000 -> 671000000000
F41: # of Attention Params | G41: =SUM(PRODUCT(L87:M87), PRODUCT(K135:M135), PRODUCT(K154:M154), PRODUCT(L173:M173), PRODUCT(K279:M279), PRODUCT(K298:M298)) * PARAMS("L") -> 11413422080
A42: 💡Top Line Metrics
A43: Metric Name | B43: ="Value (" & H17 & ")" -> Value (GhostFish) | C43: Reference Value (GB200) | F43: # of Non Attention Params | G43: =G40-G41 -> 659586577920
A44: # of Tokens | B44: =$C26*$C25 -> 2048 | C44: =492*8 -> 3936 | F44: # Attention Memory (GiB) | G44: =SUM(P87, P135, P154, P173, P279, P298) * PARAMS(B6) / 1024 -> 21.259155
A45: # Devices | B45: =G10 -> 16 | C45: 8 | F45: # Model Memory (GiB) | G45: =(G43* SWITCH(G36, "fp32", 4, "bf16", 2, "fp8", 1, "fp4", 0.5)/1024^3 + G44*G10) + (G10-1) * SUM(P491, P510) * (C6-3)/1024 -> 972.27615
A46: E2E Latency (s) | B46: =$G$73/1000 * $C$6 -> #N/A | C46: =0.0734 -> 0.0734 | F46: # Per Device Model Memory (GiB) | G46: =G45/G10 -> 60.767259
A47: Throughput (tokens/s) | B47: =$B$44/$B$46 -> #N/A | C47: =492/0.0733 * C45 -> 53697.135 | F47: Usable fraction | G47: 0.9
A48: Discounted Throughput (tokens/s) | B48: =B44/(B46*(1+C28))*C29 -> #N/A | F48: Maximum Global Batch Size | G48: =(((H28 * G47 - G46)*1024^3) * G9) / (PARAMS(B27) * PAD_128(C10+C12) * SWITCH(PARAMS("kv_dtype"), "fp32", 4, "bf16", 2, "fp8", 1, "fp4", 0.5)*PARAMS(B6)) -> #N/A
A49: Throughput (tokens/s/chip) | B49: =B48/$G$11 -> #N/A | C49: =C47/C45 -> 6712.1419
A50: % to the reference | B50: =B49/$C$49 -> #N/A | C50: =C49/$C$49 -> 1
A53: ⚡Roofline Summary
A54: Category | B54: Op Name | C54: Memory Time (ms) | D54: Compute Time (ms) | E54: ICI Latency Time (ms) | F54: ICI BW Time (ms) | G54: Roofline Time (ms) | H54: Boundness | J54: % Roofline
A55: MLA | B55: Q Down Proj | C55: =$H$129 -> #N/A | D55: =$H$127 -> #N/A | E55: =$H$124 -> 0 | F55: =H122 -> 0 | G55: =max(C55:F55) -> #N/A | H55: =IFS(C55=G55, "HBM", D55=G55, "Compute", E55=G55, "ICI Lt", F55=G55, "ICI BW") -> #N/A | J55: =G55/$G$71 -> #N/A
A56: MLA | B56: Q Up Proj | C56: =$H$148 -> #N/A | D56: =$H$146 -> #N/A | G56: =max(C56:F56) -> #N/A | H56: =IFS(C56=G56, "HBM", D56=G56, "Compute", E56=G56, "ICI Lt", F56=G56, "ICI BW") -> #N/A | J56: =G56/$G$71 -> #N/A
A57: MLA | B57: Q Proj to K (K weight absoption) | C57: =$H$167 -> #N/A | D57: =$H$165 -> #N/A | G57: =max(C57:F57) -> #N/A | H57: =IFS(C57=G57, "HBM", D57=G57, "Compute", E57=G57, "ICI Lt", F57=G57, "ICI BW") -> #N/A | J57: =G57/$G$71 -> #N/A
A58: MLA | B58: KV Down Proj | C58: =$H$186 -> #N/A | D58: =$H$184 -> #N/A | G58: =max(C58:F58) -> #N/A | H58: =IFS(C58=G58, "HBM", D58=G58, "Compute", E58=G58, "ICI Lt", F58=G58, "ICI BW") -> #N/A | J58: =G58/$G$71 -> #N/A
A59: MLA | B59: AllGather KV | F59: =$H$216 -> 0 | G59: =max(C59:F59) -> 0 | H59: =IFS(F59=G59, "ICI BW", E59=G59, "ICI Lt", C59=G59, "HBM", D59=G59, "Compute") -> ICI BW | J59: =G59/$G$71 -> #N/A
A60: MLA | B60: FlashAttention | C60: =SUM(C62:C64) -> #N/A | D60: =SUM(D62:D64) -> #N/A | G60: =IF(PARAMS("flash_attn"),MAX(C60:F60),0) -> #N/A | H60: =IFS(G60=0,"",C60=G60, "HBM", D60=G60, "Compute", E60=G60, "ICI Lt", F60=G60, "ICI BW") -> #N/A | J60: =G60/$G$71 -> #N/A
A61: MLA | B61: VanillaAttention | G61: =IF(PARAMS("flash_attn"),0,SUM(G62:G64)) -> 0 | J61: =G61/$G$71 -> #N/A
A62: MLA | B62: |- QK (nope) | C62: =$H$235 -> #N/A | D62: =$H$233 -> #N/A | G62: =max(C62:F62) -> #N/A | H62: =IFS(C62=G62, "HBM", D62=G62, "Compute", E62=G62, "ICI Lt", F62=G62, "ICI BW") -> #N/A
A63: MLA | B63: |- QK (rope) | C63: =$H$254 -> #N/A | D63: =$H$252 -> #N/A | G63: =max(C63:F63) -> #N/A | H63: =IFS(C63=G63, "HBM", D63=G63, "Compute", E63=G63, "ICI Lt", F63=G63, "ICI BW") -> #N/A
A64: MLA | B64: |- AV | C64: =$H$273 -> #N/A | D64: =$H$271 -> #N/A | G64: =max(C64:F64) -> #N/A | H64: =IFS(C64=G64, "HBM", D64=G64, "Compute", E64=G64, "ICI Lt", F64=G64, "ICI BW") -> #N/A
A65: MLA | B65: V Up Proj (Weight Absorption) | C65: =H292 -> #N/A | D65: =H290 -> #N/A | G65: =max(C65:F65) -> #N/A | H65: =IFS(C65=G65, "HBM", D65=G65, "Compute", E65=G65, "ICI Lt", F65=G65, "ICI BW") -> #N/A | J65: =G65/$G$71 -> #N/A
A66: MLA | B66: O Proj | C66: =H311 -> #N/A | D66: =H309 -> #N/A | G66: =max(C66:F66) -> #N/A | H66: =IFS(C66=G66, "HBM", D66=G66, "Compute", E66=G66, "ICI Lt", F66=G66, "ICI BW") -> #N/A | J66: =G66/$G$71 -> #N/A
A67: MoE | B67: Dispatch | E67: =$H$361 -> #N/A | F67: =$H$359 -> #N/A | G67: =max(C67:F67) -> #N/A | H67: =IFS(C67=G67, "HBM", D67=G67, "Compute", E67=G67, "ICI Lt", F67=G67, "ICI BW") -> #N/A | J67: =G67/$G$71 -> #N/A
A68: MoE | B68: Gating x 2 + Act | C68: =$H$404 -> #N/A | D68: =$H$402 -> #N/A | F68: =$H$399 -> 0 | G68: =max(C68:F68) -> #N/A | H68: =IFS(C68=G68, "HBM", D68=G68, "Compute", E68=G68, "ICI Lt", F68=G68, "ICI BW") -> #N/A | J68: =G68/$G$71 -> #N/A
A69: MoE | B69: Linear | C69: =$H$434 -> #N/A | D69: =$H$432 -> #N/A | F69: =$H$429 -> 0 | G69: =max(C69:F69) -> #N/A | H69: =IFS(C69=G69, "HBM", D69=G69, "Compute", E69=G69, "ICI Lt", F69=G69, "ICI BW") -> #N/A | J69: =G69/$G$71 -> #N/A
A70: MoE | B70: Collect | E70: =$H$480 -> #N/A | F70: =$H$478 -> #N/A | G70: =max(C70:F70) -> #N/A | H70: =IFS(C70=G70, "HBM", D70=G70, "Compute", E70=G70, "ICI Lt", F70=G70, "ICI BW") -> #N/A | J70: =G70/$G$71 -> #N/A
E71: Overlapping Strategy | F71: OptionA. No Overlapping | G71: =SUM(G55:G61,G65:G70) -> #N/A | J71: =G71/$G$71 -> #N/A
F72: OptionB. Overlapping Expert Collectives | G72: =SUM(G55:G61,G65:G66)+MAX(G67:G68)+MAX(G69:G70) -> #N/A
A73: TOTAL | E73: Selected Strategy | F73: OptionA. No Overlapping | G73: =IF(F73=F71,G71,G72) -> #N/A
A76: 💾 Memory Occupancy | E76: 🔍 Detailed Op Analysis 1 - MLA (Multi-head Latent Attention)
A77: Key | B77: Value | C77: Notes | E77: Operation | F77: Details | I77: Dimensions | O77: dtype | P77: Size(MiB) | Q77: VMEM Prefetched /Pinned
A78: Attention Weights, Global (GiB) | B78: =SUM(P87,P135,P154,P173,P279,P298) * PARAMS("L") / 1024 -> 21.259155 | E78: 0. Activation Before Attention Layer | F78: Activation Tensor | H78: Dimension Name | I78: ( | K78: B | L78: T | M78: D | N78: ) | O78: fp8
A79: MoE Weights, Global (GiB) | B79: =SUM($P$319,$P$410) * PARAMS("L") / 1024 -> 113.42188 | H79: Global Shape | I79: ( | K79: =PARAMS(K78) -> 2048 | L79: =PARAMS(L78) -> 1 | M79: =PARAMS(M78) -> 7168 | N79: ) | P79: =SIZEOF_IN_MIB(J79:M79, $O78) -> 14
A80: Other Weights, Global (GiB) | H80: Sharding | I80: ( | K80: data,model | N80: )
A81: KV Cache Size, Global (GiB) | B81: =SIZEOF_IN_MIB(PARAMS("B")*PARAMS("S")*PARAMS("L")*(PARAMS("c_kv")+PARAMS("h_rope")), PARAMS("kv_dtype"))/1024 -> 343.125 | H81: Local Shape (per-core) | I81: ( | K81: =K79/SHARDING(K80) -> 128 | L81: =L79/SHARDING(L80) -> 1 | M81: =M79/SHARDING(M80) -> 7168 | N81: ) | P81: =SIZEOF_IN_MIB(J81:M81, $O78) -> 0.875
A82: Intermediate Activation Tensors, Global (GiB) | B82: =MAX(P87,P106,P127,P146,P165,P184,P233,P252,P271,P287,P325,P374,P447,P466)/1024 -> 0.020507812 | E82: 1. Q Down Proj | F82: LHS | H82: Dimension Name | I82: ( | K82: B | L82: T | M82: D | N82: ) | O82: =EXTRACT_ACTIVATION_DTYPE(PARAMS("attn_proj_dtype")) -> bf16 | Q82: FALSE
A83: TOTAL (Global) | B83: =SUM(B78:B81) -> 477.80603 | C83: ="<=" & ($H$28 * PARAMS("num_devices")) & " (Capacity)?" -> #N/A | H83: Global Shape | I83: ( | K83: =PARAMS(K82) -> 2048 | L83: =PARAMS(L82) -> 1 | M83: =PARAMS(M82) -> 7168 | N83: ) | P83: =SIZEOF_IN_MIB(J83:M83, $O82) -> 28
H84: Sharding | I84: ( | K84: data,model | N84: )
A85: Attention Weights, Local (GiB) | B85: =SUM(P89,P137,P156,P175,P281,P300) * PARAMS("L") / 1024 -> 21.259155 | H85: Local Shape (per-core) | I85: ( | K85: =K83/SHARDING(K84) -> 128 | L85: =L83/SHARDING(L84) -> 1 | M85: =M83/SHARDING(M84) -> 7168 | N85: ) | P85: =SIZEOF_IN_MIB(J85:M85, $O82) -> 1.75
A86: MoE Weights, Local (GiB) | B86: =SUM(P369,P412) * PARAMS("L") / 1024 -> 20.015625 | F86: RHS | H86: Dimension Name | I86: ( | L86: D | M86: c_q | N86: ) | O86: =EXTRACT_WEIGHT_DTYPE(PARAMS("attn_proj_dtype")) -> bf16 | Q86: FALSE
A87: Other Weights, Global (GiB) | H87: Global Shape | I87: ( | L87: =PARAMS(L86) -> 7168 | M87: =PARAMS(M86) -> 1536 | N87: ) | P87: =SIZEOF_IN_MIB(J87:M87, $O86) -> 21
A88: KV Cache Size, Local (GiB) | B88: =B81/PARAMS("num_devices") -> 21.445312 | H88: Sharding | I88: ( | N88: )
A89: Intermediate Activation Tensors, Local (GiB) | B89: =MAX(P89,P108,P129,P148,P167,P186,P235,P254,P273,P289,P327,P376,P449,P468)/1024 -> 0.020507812 | H89: Local Shape (per-core) | I89: ( | L89: =L87/SHARDING(L88) -> 7168 | M89: =M87/SHARDING(M88) -> 1536 | N89: ) | P89: =SIZEOF_IN_MIB(J89:M89, $O86) -> 21
A90: TOTAL (Local) | B90: =SUM(B85:B88) -> 62.720093 | C90: ="<=" & ($H$28) & " (Capacity)?" -> #N/A | F90: Output | H90: Dimension Name | I90: ( | K90: B | L90: T | M90: c_q | N90: ) | O90: bf16 | Q90: FALSE
H91: Global Shape | I91: ( | K91: =PARAMS(K90) -> 2048 | L91: =PARAMS(L90) -> 1 | M91: =PARAMS(M90) -> 1536 | N91: ) | P91: =SIZEOF_IN_MIB(K91:M91, $O90) -> 6
H92: Sharding | I92: ( | K92: data,model | N92: )
H93: Local Shape (per-core) | I93: ( | K93: =K91/SHARDING(K92) -> 128 | L93: =L91/SHARDING(L92) -> 1 | M93: =M91/SHARDING(M92) -> 1536 | N93: ) | P93: =SIZEOF_IN_MIB(K93:M93, $O90) -> 0.375
F94: Pre-operation Collectives | G94: Transferring Tensor | H94: Dimension Name | I94: ( | J94: {=J78:M81} | K94: B | L94: T | M94: D | N94: ) | O94: =O82 -> bf16
H95: Global Shape | I95: ( | K95: 2048 | L95: 1 | M95: 7168 | N95: ) | P95: =SIZEOF_IN_MIB(J95:M95, O94) -> 28
H96: Source Sharding | I96: ( | K96: data,model | N96: )
H97: Source Local Shape (per-core) | I97: ( | K97: 128 | L97: 1 | M97: 7168 | N97: ) | P97: =SIZEOF_IN_MIB(J97:M97, O94) -> 1.75
H98: Target Sharding | I98: ( | N98: )
G99: Strategy A: All-Gather Tokens with no chiplet involved
G100: # of devices involved | H100: =SHARDING(K96)*SHARDING(L96)*SHARDING(M96) -> 16
G101: Per-device: Data transferred from a device (MiB) | H101: =P97 * (H100-1) -> 26.25
G102: Global Traffic Size (MiB) | H102: =H101*H100 -> 420
G103: # of Links involved | H103: =IFS(H100=8,12, H100=4,4, H100=2,1, H100=1,0, TRUE,NA()) -> #N/A
G104: # of Chiplets sharing links | H104: 1
...

Sheet decodeDP=16F=8D=2Row5 V2
A1: Contact: donghyun@, gpolovets@, miliu@. Feedback/Bug reports are welcome! | E1: =G73 -> #N/A
A2: Description | B2: Symbol | C2: Value | F2: Sharding (Axis Name) | G2: # of Devices | H2: Notes | Q2: Size In Bytes | T2: MXU dtype
A3: Embedding Dimension | B3: D | C3: 7168 | F3: [ ↓ Configurable Values] | Q3: fp4 | R3: 0.5 | T3: =U3&","&V3 -> fp4,fp4 | U3: fp4 | V3: fp4 | W3: fp4
A4: Hidden Dimension | B4: F | C4: 2048 | F4: model | G4: 8 | Q4: fp8 | R4: 1 | T4: =U4&","&V4 -> fp4,fp8 | U4: fp4 | V4: fp8 | W4: fp8
A5: # of experts | B5: E | C5: 256 | F5: data | G5: 2 | H5: Also used for expert sharding for MoE | Q5: bf16 | R5: 2 | T5: =U5&","&V5 -> fp4,bf16 | U5: fp4 | V5: bf16 | W5: bf16
A6: # of Layers | B6: L | C6: 61 | F6: seq | G6: 1 | T6: =U6&","&V6 -> fp8,fp4 | U6: fp8 | V6: fp4 | W6: fp8
A7: # of Dense Layers | B7: DL | C7: 3 | F7: attn_model | G7: 1 | H7: Used if attention is replicated | T7: =U7&","&V7 -> fp8,fp8 | U7: fp8 | V7: fp8 | W7: fp8
A8: # of experts to be activated per token | B8: top_k | C8: 8 | F8: [ ↓ Derived Values]
A9: The dimension of the compressed latent vector for Query | B9: c_q | C9: 1536 | F9: data,model | G9: =G5*G4 -> 16 | T9: =U9&","&V9 -> fp8,bf16 | U9: fp8 | V9: bf16 | W9: bf16
A10: The dimension of the compressed latent vector for KV | B10: c_kv | C10: 512 | F10: Total # of devices | G10: =PRODUCT(G3:G6) -> 16 | T10: =U10&","&V10 -> bf16,fp4 | U10: bf16 | V10: fp4 | W10: bf16
A11: The dimension of Non-RoPE part of the query head | B11: h_nope | C11: 128 | F11: Total # of chips | G11: =$G$10/$H$18 -> #N/A | T11: =U11&","&V11 -> bf16,fp8 | U11: bf16 | V11: fp8 | W11: bf16
A12: The dimension of the RoPE part of the query head | B12: h_rope | C12: 64 | L12: TODO LIST | T12: bf16,bf16 | U12: bf16 | V12: bf16 | W12: bf16
A13: The number of Attention Heads (Query) | B13: n_q | C13: 128
A14: [ ↓ Derived parameters]
A15: h_nope+h_rope | B15: h_nope+h_rope | C15: =$C$11+$C$12 -> 192
A16: c_kv+h_rope | B16: c_kv+h_rope | C16: =$C$10+$C$12 -> 576
A17: # of Duplicated tokens (top_k times) | B17: kT | C17: =C8*$C$25 -> 8 | F17: Hardware Spec | G17: Derate Factor | H17: GhostFish
A18: # of Devices | B18: num_devices | C18: =$G$10 -> 16 | F18: {=DB!A2:A15} -> # of TensorCore per Chip | G18: 1 | H18: {=xlookup($H$17,DB!1:1,DB!2:15) * G18:G31} -> #N/A
A19: # of Chips | B19: num_chips | C19: =$G$11 -> #N/A | F19: Per-Chip HBM-BW (GB/s) | G19: 1 | H19: #N/A
A20: Assumed Topology | B20: topo | C20: =IFS(C19=8,"2x2x2",C19=4,"2x2",TRUE,NA) -> #N/A | F20: Per-Chip TFLOPS (fp4) | G20: 1 | H20: #N/A
A21: # of Links in the current topology | B21: num_links_in_topo | C21: =IFS(C20="2x2x2",12,C20="2x2",4,TRUE,NA()) -> #N/A | F21: Per-Chip TFLOPS (fp8) | G21: 1 | H21: #N/A
F22: Per-Chip TFLOPS (fp16) | G22: 1 | H22: #N/A
A23: [ ↓ Configurable parameters] | F23: Per-Chip HBM Capacity (GiB) | G23: 0.987 | H23: #N/A
A24: Regime | B24: R | C24: Decode | F24: Per-Core HBM-BW (GB/s) | G24: 0.8 | H24: #N/A
A25: Sequence Length (Q) | B25: T | C25: =IF(C24="Decode", 1, 2048) -> 1 | F25: Per-Core TFLOPS (fp4) | G25: 1 | H25: #N/A
A26: Batch Size (power of 2) | B26: B | C26: 2048 | F26: Per-Core TFLOPS (fp8) | G26: 1 | H26: #N/A
A27: Sequence Length (KV) | B27: S | C27: =1024+4096 -> 5120 | F27: Per-Core TFLOPS (bf16) | G27: 1 | H27: #N/A
A28: Scheduler Latency Overhead | C28: 0.15 | F28: Per-Core HBM Capacity (GiB) | G28: 0.987 | H28: #N/A
A29: Roofline Discount Rate | C29: 1 | F29: Core-to-Core ICI Bandwidth (uni, GB/s) | G29: 0.375 | H29: #N/A
A30: Flash Attention Enabled | B30: flash_attn | C30: TRUE | F30: Chip-to-Chip ICI Bandwidth (uni, GB/s) | G30: 0.8 | H30: #N/A
F31: Chip-to-Chip ICI Latency (ms) | G31: 1 | H31: #N/A
A32: [ ↓ Configurable Numeric]
A33: Attention Projections Numeric | B33: attn_proj_dtype | C33: w16a16
A34: KV Cache dtype | B34: kv_dtype | C34: fp8
A35: Attention "K" numeric from KV | B35: attn_kv_k_dtype | C35: bf16 | F35: Maximum Batchsize Calculation
A36: Attention "A" numeric from AV | B36: attn_av_a_dtype | C36: bf16 | F36: Model Weights Dtype | G36: fp8
A37: MoE Numeric | B37: moe_dtype | C37: w4a8 | F37: KV Cache Dtype | G37: =C34 -> fp8
A38: Expert Dispatch Numeric | B38: expert_dispatch_dtype | C38: fp8 | F38: Shared Expert Strategy | G38: Strategy A: All-Gather Tokens
A39: Expert Collect Numeric | B39: expert_collect_dtype | C39: bf16
F40: # of Model Params | G40: =671*1000000000 -> 671000000000
F41: # of Attention Params | G41: =SUM(PRODUCT(L87:M87), PRODUCT(K142:M142), PRODUCT(K166:M166), PRODUCT(L185:M185), PRODUCT(K291:M291), PRODUCT(K315:M315)) * PARAMS("L") -> 11413422080
A42: 💡Top Line Metrics
A43: Metric Name | B43: ="Value (" & H17 & ")" -> Value (GhostFish) | C43: Reference Value (GB200) | F43: # of Non Attention Params | G43: =G40-G41 -> 659586577920
A44: # of Tokens | B44: =$C26*$C25 -> 2048 | C44: =492*8 -> 3936 | F44: # Attention Memory (GiB) | G44: =SUM(P87, P142, P166, P185, P291, P315) * PARAMS(B6) / 1024 -> 21.259155
A45: # Devices | B45: =G10 -> 16 | C45: 8 | F45: # Model Memory (GiB) | G45: =(G43* SWITCH(G36, "fp32", 4, "bf16", 2, "fp8", 1, "fp4", 0.5)/1024^3 + G44*G10) + (G10-1) * SUM(P515, P534) * (C6-3)/1024 -> 972.27615
A46: E2E Latency (s) | B46: =$G$73/1000 * $C$6 -> #N/A | C46: =0.0734 -> 0.0734 | F46: # Per Device Model Memory (GiB) | G46: =G45/G10 -> 60.767259
A47: Throughput (tokens/s) | B47: =$B$44/$B$46 -> #N/A | C47: =492/0.0733 * C45 -> 53697.135 | F47: Usable fraction | G47: 0.9
A48: Discounted Throughput (tokens/s) | B48: =B44/(B46*(1+C28))*C29 -> #N/A | F48: Maximum Global Batch Size | G48: =(((H28 * G47 - G46)*1024^3) * G9) / (PARAMS(B27) * PAD_128(C10+C12) * SWITCH(PARAMS("kv_dtype"), "fp32", 4, "bf16", 2, "fp8", 1, "fp4", 0.5)*PARAMS(B6)) -> #N/A
A49: Throughput (tokens/s/chip) | B49: =B48/$G$11 -> #N/A | C49: =C47/C45 -> 6712.1419
A50: % to the reference | B50: =B49/$C$49 -> #N/A | C50: =C49/$C$49 -> 1
A53: ⚡Roofline Summary
A54: Category | B54: Op Name | C54: Memory Time (ms) | D54: Compute Time (ms) | E54: ICI Latency Time (ms) | F54: ICI BW Time (ms) | G54: Roofline Time (ms) | H54: Boundness | J54: % Roofline | K54: ICI Overlap?
A55: MLA | B55: Q Down Proj | C55: =$H$136 -> #N/A | D55: =$H$134 -> #N/A | E55: =$H$131 -> #N/A | F55: =$H$129 -> #N/A | G55: =IF(K55,max(C55:F55), max(C55:D55)+max(E55:F55)) -> #N/A | H55: =LET(maxtime, MAX(C55:F55), IFS(C55=maxtime, "HBM", D55=maxtime, "Compute", E55=maxtime, "ICI Lt", F55=maxtime, "ICI BW")) -> #N/A | J55: =G55/$G$71 -> #N/A | K55: TRUE
A56: MLA | B56: Q Up Proj | C56: =$H$160 -> #N/A | D56: =$H$158 -> #N/A | F56: =H155 -> #N/A | G56: =IF(K56,max(C56:F56), max(C56:D56)+max(E56:F56)) -> #N/A | H56: =LET(maxtime, MAX(C56:F56), IFS(C56=maxtime, "HBM", D56=maxtime, "Compute", E56=maxtime, "ICI Lt", F56=maxtime, "ICI BW")) -> #N/A | J56: =G56/$G$71 -> #N/A | K56: TRUE
A57: MLA | B57: Q Proj to K (K weight absoption) | C57: =$H$179 -> #N/A | D57: =$H$177 -> #N/A | G57: =max(C57:F57) -> #N/A | H57: =LET(maxtime, MAX(C57:F57), IFS(C57=maxtime, "HBM", D57=maxtime, "Compute", E57=maxtime, "ICI Lt", F57=maxtime, "ICI BW")) -> #N/A | J57: =G57/$G$71 -> #N/A | K57: FALSE
A58: MLA | B58: KV Down Proj | C58: =$H$198 -> #N/A | D58: =$H$196 -> #N/A | G58: =max(C58:F58) -> #N/A | H58: =LET(maxtime, MAX(C58:F58), IFS(C58=maxtime, "HBM", D58=maxtime, "Compute", E58=maxtime, "ICI Lt", F58=maxtime, "ICI BW")) -> #N/A | J58: =G58/$G$71 -> #N/A | K58: FALSE
A59: MLA | B59: AllGather KV | F59: =$H$228 -> 0 | G59: =max(C59:F59) -> 0 | H59: =LET(maxtime, MAX(C59:F59), IFS(C59=maxtime, "HBM", D59=maxtime, "Compute", E59=maxtime, "ICI Lt", F59=maxtime, "ICI BW")) -> HBM | J59: =G59/$G$71 -> #N/A | K59: FALSE
A60: MLA | B60: FlashAttention | C60: =SUM(C62:C64) -> #N/A | D60: =SUM(D62:D64) -> #N/A | G60: =IF(PARAMS("flash_attn"),MAX(C60:F60),0) -> #N/A | H60: =LET(maxtime, MAX(C60:F60), IFS(C60=maxtime, "HBM", D60=maxtime, "Compute", E60=maxtime, "ICI Lt", F60=maxtime, "ICI BW")) -> #N/A | J60: =G60/$G$71 -> #N/A | K60: FALSE
A61: MLA | B61: VanillaAttention | G61: =IF(PARAMS("flash_attn"),0,SUM(G62:G64)) -> 0 | J61: =G61/$G$71 -> #N/A | K61: FALSE
A62: MLA | B62: |- QK (nope) | C62: =$H$247 -> #N/A | D62: =$H$245 -> #N/A | G62: =max(C62:F62) -> #N/A | H62: =LET(maxtime, MAX(C62:F62), IFS(C62=maxtime, "HBM", D62=maxtime, "Compute", E62=maxtime, "ICI Lt", F62=maxtime, "ICI BW")) -> #N/A | K62: FALSE
A63: MLA | B63: |- QK (rope) | C63: =$H$266 -> #N/A | D63: =$H$264 -> #N/A | G63: =max(C63:F63) -> #N/A | H63: =LET(maxtime, MAX(C63:F63), IFS(C63=maxtime, "HBM", D63=maxtime, "Compute", E63=maxtime, "ICI Lt", F63=maxtime, "ICI BW")) -> #N/A | K63: FALSE
A64: MLA | B64: |- AV | C64: =$H$285 -> #N/A | D64: =$H$283 -> #N/A | G64: =max(C64:F64) -> #N/A | H64: =LET(maxtime, MAX(C64:F64), IFS(C64=maxtime, "HBM", D64=maxtime, "Compute", E64=maxtime, "ICI Lt", F64=maxtime, "ICI BW")) -> #N/A | K64: FALSE
A65: MLA | B65: V Up Proj (Weight Absorption) | C65: =H309 -> #N/A | D65: =H307 -> #N/A | F65: =H304 -> #N/A | G65: =max(C65:D65)+max(E65:F65) -> #N/A | H65: =LET(maxtime, MAX(C65:F65), IFS(C65=maxtime, "HBM", D65=maxtime, "Compute", E65=maxtime, "ICI Lt", F65=maxtime, "ICI BW")) -> #N/A | J65: =G65/$G$71 -> #N/A | K65: TRUE
A66: MLA | B66: O Proj | C66: =H333 -> #N/A | D66: =H331 -> #N/A | F66: =$H$328 -> #N/A | G66: =max(C66:D66)+max(E66:F66) -> #N/A | H66: =LET(maxtime, MAX(C66:F66), IFS(C66=maxtime, "HBM", D66=maxtime, "Compute", E66=maxtime, "ICI Lt", F66=maxtime, "ICI BW")) -> #N/A | J66: =G66/$G$71 -> #N/A | K66: TRUE
A67: MoE | B67: Dispatch | E67: =$H$383 -> #N/A | F67: =$H$381 -> #N/A | G67: =max(C67:F67) -> #N/A | H67: =LET(maxtime, MAX(C67:F67), IFS(C67=maxtime, "HBM", D67=maxtime, "Compute", E67=maxtime, "ICI Lt", F67=maxtime, "ICI BW")) -> #N/A | J67: =G67/$G$71 -> #N/A | K67: FALSE
